ma_lich,ma_san_pham,ngay_khoi_hanh,tong_cho,da_dat,con_lai,trang_thai
LKD000001,SP0001,2026-01-05,200,6,194,mo_ban
LKD000002,SP0001,2026-01-08,200,98,102,mo_ban
LKD000003,SP0001,2026-01-11,200,146,54,mo_ban
LKD000004,SP0001,2026-01-14,200,142,58,mo_ban
LKD000005,SP0001,2026-01-17,200,42,158,mo_ban
LKD000006,SP0001,2026-01-20,200,111,89,mo_ban
LKD000007,SP0001,2026-01-23,200,95,105,mo_ban
LKD000008,SP0001,2026-01-26,200,133,67,mo_ban
LKD000009,SP0001,2026-01-29,200,34,166,mo_ban
LKD000010,SP0001,2026-02-01,200,68,132,mo_ban
LKD000011,SP0001,2026-02-04,200,188,12,mo_ban
LKD000012,SP0001,2026-02-07,200,112,88,mo_ban
LKD000013,SP0001,2026-02-10,200,91,109,mo_ban
LKD000014,SP0001,2026-02-13,200,43,157,mo_ban
LKD000015,SP0001,2026-02-16,200,152,48,mo_ban
LKD000016,SP0001,2026-02-19,200,4,196,mo_ban
LKD000017,SP0001,2026-02-22,200,51,149,mo_ban
LKD000018,SP0001,2026-02-25,200,173,27,mo_ban
LKD000019,SP0001,2026-02-28,200,120,80,mo_ban
LKD000020,SP0001,2026-03-03,200,143,57,mo_ban
LKD000021,SP0002,2026-01-05,6,3,3,mo_ban
LKD000022,SP0002,2026-01-09,6,4,2,mo_ban
LKD000023,SP0002,2026-01-13,6,5,1,mo_ban
LKD000024,SP0002,2026-01-17,6,6,0,het_cho
LKD000025,SP0002,2026-01-21,6,5,1,mo_ban
LKD000026,SP0002,2026-01-25,6,3,3,mo_ban
LKD000027,SP0002,2026-01-29,6,6,0,het_cho
LKD000028,SP0002,2026-02-02,6,4,2,mo_ban
LKD000029,SP0002,2026-02-06,6,6,0,het_cho
LKD000030,SP0002,2026-02-10,6,0,6,mo_ban
LKD000031,SP0002,2026-02-14,6,5,1,mo_ban
LKD000032,SP0002,2026-02-18,6,0,6,mo_ban
LKD000033,SP0002,2026-02-22,6,4,2,mo_ban
LKD000034,SP0002,2026-02-26,6,0,6,mo_ban
LKD000035,SP0002,2026-03-02,6,6,0,het_cho
LKD000036,SP0003,2026-01-05,20,10,10,mo_ban
LKD000037,SP0003,2026-01-10,20,14,6,mo_ban
LKD000038,SP0003,2026-01-15,20,5,15,mo_ban
LKD000039,SP0003,2026-01-20,20,8,12,mo_ban
LKD000040,SP0003,2026-01-25,20,13,7,mo_ban
LKD000041,SP0003,2026-01-30,20,20,0,het_cho
LKD000042,SP0003,2026-02-04,20,12,8,mo_ban
LKD000043,SP0003,2026-02-09,20,15,5,mo_ban
LKD000044,SP0003,2026-02-14,20,3,17,mo_ban
LKD000045,SP0003,2026-02-19,20,0,20,mo_ban
LKD000046,SP0003,2026-02-24,20,7,13,mo_ban
LKD000047,SP0003,2026-03-01,20,19,1,mo_ban
LKD000048,SP0004,2026-01-05,100,56,44,mo_ban
LKD000049,SP0004,2026-01-10,100,15,85,mo_ban
LKD000050,SP0004,2026-01-15,100,20,80,mo_ban
LKD000051,SP0004,2026-01-20,100,38,62,mo_ban
LKD000052,SP0004,2026-01-25,100,39,61,mo_ban
LKD000053,SP0004,2026-01-30,100,82,18,mo_ban
LKD000054,SP0004,2026-02-04,100,43,57,mo_ban
LKD000055,SP0004,2026-02-09,100,1,99,mo_ban
LKD000056,SP0004,2026-02-14,100,55,45,mo_ban
LKD000057,SP0004,2026-02-19,100,53,47,mo_ban
LKD000058,SP0004,2026-02-24,100,66,34,mo_ban
LKD000059,SP0004,2026-03-01,100,56,44,mo_ban
LKD000060,SP0005,2026-01-05,6,1,5,mo_ban
LKD000061,SP0005,2026-01-10,6,3,3,mo_ban
LKD000062,SP0005,2026-01-15,6,2,4,mo_ban
LKD000063,SP0005,2026-01-20,6,1,5,mo_ban
LKD000064,SP0005,2026-01-25,6,6,0,het_cho
LKD000065,SP0005,2026-01-30,6,4,2,mo_ban
LKD000066,SP0005,2026-02-04,6,3,3,mo_ban
LKD000067,SP0005,2026-02-09,6,3,3,mo_ban
LKD000068,SP0005,2026-02-14,6,6,0,het_cho
LKD000069,SP0005,2026-02-19,6,4,2,mo_ban
LKD000070,SP0005,2026-02-24,6,3,3,mo_ban
LKD000071,SP0005,2026-03-01,6,6,0,het_cho
LKD000072,SP0006,2026-01-05,2,2,0,het_cho
LKD000073,SP0006,2026-01-10,2,1,1,mo_ban
LKD000074,SP0006,2026-01-15,2,2,0,het_cho
LKD000075,SP0006,2026-01-20,2,0,2,mo_ban
LKD000076,SP0006,2026-01-25,2,1,1,mo_ban
LKD000077,SP0006,2026-01-30,2,1,1,mo_ban
LKD000078,SP0006,2026-02-04,2,1,1,mo_ban
LKD000079,SP0006,2026-02-09,2,0,2,mo_ban
LKD000080,SP0006,2026-02-14,2,0,2,mo_ban
LKD000081,SP0006,2026-02-19,2,0,2,mo_ban
LKD000082,SP0006,2026-02-24,2,0,2,mo_ban
LKD000083,SP0006,2026-03-01,2,2,0,het_cho
LKD000084,SP0008,2026-01-05,25,24,1,mo_ban
LKD000085,SP0008,2026-01-08,25,15,10,mo_ban
LKD000086,SP0008,2026-01-11,25,13,12,mo_ban
LKD000087,SP0008,2026-01-14,25,5,20,mo_ban
LKD000088,SP0008,2026-01-17,25,17,8,mo_ban
LKD000089,SP0008,2026-01-20,25,18,7,mo_ban
LKD000090,SP0008,2026-01-23,25,22,3,mo_ban
LKD000091,SP0008,2026-01-26,25,8,17,mo_ban
LKD000092,SP0008,2026-01-29,25,11,14,mo_ban
LKD000093,SP0008,2026-02-01,25,3,22,mo_ban
LKD000094,SP0008,2026-02-04,25,17,8,mo_ban
LKD000095,SP0008,2026-02-07,25,2,23,mo_ban
LKD000096,SP0008,2026-02-10,25,12,13,mo_ban
LKD000097,SP0008,2026-02-13,25,1,24,mo_ban
LKD000098,SP0008,2026-02-16,25,21,4,mo_ban
LKD000099,SP0008,2026-02-19,25,9,16,mo_ban
LKD000100,SP0008,2026-02-22,25,11,14,mo_ban
LKD000101,SP0008,2026-02-25,25,9,16,mo_ban
LKD000102,SP0008,2026-02-28,25,21,4,mo_ban
LKD000103,SP0008,2026-03-03,25,20,5,mo_ban
LKD000104,SP0009,2026-01-05,29,20,9,mo_ban
LKD000105,SP0009,2026-01-10,29,27,2,mo_ban
LKD000106,SP0009,2026-01-15,29,5,24,mo_ban
LKD000107,SP0009,2026-01-20,29,19,10,mo_ban
LKD000108,SP0009,2026-01-25,29,17,12,mo_ban
LKD000109,SP0009,2026-01-30,29,22,7,mo_ban
LKD000110,SP0009,2026-02-04,29,2,27,mo_ban
LKD000111,SP0009,2026-02-09,29,0,29,mo_ban
LKD000112,SP0009,2026-02-14,29,14,15,mo_ban
LKD000113,SP0009,2026-02-19,29,6,23,mo_ban
LKD000114,SP0009,2026-02-24,29,22,7,mo_ban
LKD000115,SP0009,2026-03-01,29,3,26,mo_ban
LKD000116,SP0010,2026-01-05,20,15,5,mo_ban
LKD000117,SP0010,2026-01-09,20,15,5,mo_ban
LKD000118,SP0010,2026-01-13,20,3,17,mo_ban
LKD000119,SP0010,2026-01-17,20,18,2,mo_ban
LKD000120,SP0010,2026-01-21,20,1,19,mo_ban
LKD000121,SP0010,2026-01-25,20,3,17,mo_ban
LKD000122,SP0010,2026-01-29,20,11,9,mo_ban
LKD000123,SP0010,2026-02-02,20,17,3,mo_ban
LKD000124,SP0010,2026-02-06,20,20,0,het_cho
LKD000125,SP0010,2026-02-10,20,3,17,mo_ban
LKD000126,SP0010,2026-02-14,20,20,0,het_cho
LKD000127,SP0010,2026-02-18,20,1,19,mo_ban
LKD000128,SP0010,2026-02-22,20,13,7,mo_ban
LKD000129,SP0010,2026-02-26,20,9,11,mo_ban
LKD000130,SP0010,2026-03-02,20,3,17,mo_ban
LKD000131,SP0011,2026-01-05,6,6,0,het_cho
LKD000132,SP0011,2026-01-09,6,4,2,mo_ban
LKD000133,SP0011,2026-01-13,6,6,0,het_cho
LKD000134,SP0011,2026-01-17,6,3,3,mo_ban
LKD000135,SP0011,2026-01-21,6,4,2,mo_ban
LKD000136,SP0011,2026-01-25,6,4,2,mo_ban
LKD000137,SP0011,2026-01-29,6,2,4,mo_ban
LKD000138,SP0011,2026-02-02,6,0,6,mo_ban
LKD000139,SP0011,2026-02-06,6,4,2,mo_ban
LKD000140,SP0011,2026-02-10,6,4,2,mo_ban
LKD000141,SP0011,2026-02-14,6,0,6,mo_ban
LKD000142,SP0011,2026-02-18,6,5,1,mo_ban
LKD000143,SP0011,2026-02-22,6,4,2,mo_ban
LKD000144,SP0011,2026-02-26,6,3,3,mo_ban
LKD000145,SP0011,2026-03-02,6,6,0,het_cho
LKD000146,SP0012,2026-01-05,100,35,65,mo_ban
LKD000147,SP0012,2026-01-10,100,55,45,mo_ban
LKD000148,SP0012,2026-01-15,100,8,92,mo_ban
LKD000149,SP0012,2026-01-20,100,82,18,mo_ban
LKD000150,SP0012,2026-01-25,100,79,21,mo_ban
LKD000151,SP0012,2026-01-30,100,38,62,mo_ban
LKD000152,SP0012,2026-02-04,100,90,10,mo_ban
LKD000153,SP0012,2026-02-09,100,96,4,mo_ban
LKD000154,SP0012,2026-02-14,100,70,30,mo_ban
LKD000155,SP0012,2026-02-19,100,23,77,mo_ban
LKD000156,SP0012,2026-02-24,100,3,97,mo_ban
LKD000157,SP0012,2026-03-01,100,11,89,mo_ban
LKD000158,SP0013,2026-01-05,100,79,21,mo_ban
LKD000159,SP0013,2026-01-10,100,23,77,mo_ban
LKD000160,SP0013,2026-01-15,100,30,70,mo_ban
LKD000161,SP0013,2026-01-20,100,1,99,mo_ban
LKD000162,SP0013,2026-01-25,100,67,33,mo_ban
LKD000163,SP0013,2026-01-30,100,56,44,mo_ban
LKD000164,SP0013,2026-02-04,100,33,67,mo_ban
LKD000165,SP0013,2026-02-09,100,88,12,mo_ban
LKD000166,SP0013,2026-02-14,100,3,97,mo_ban
LKD000167,SP0013,2026-02-19,100,32,68,mo_ban
LKD000168,SP0013,2026-02-24,100,23,77,mo_ban
LKD000169,SP0013,2026-03-01,100,11,89,mo_ban
LKD000170,SP0014,2026-01-05,400,143,257,mo_ban
LKD000171,SP0014,2026-01-09,400,396,4,mo_ban
LKD000172,SP0014,2026-01-13,400,113,287,mo_ban
LKD000173,SP0014,2026-01-17,400,107,293,mo_ban
LKD000174,SP0014,2026-01-21,400,305,95,mo_ban
LKD000175,SP0014,2026-01-25,400,304,96,mo_ban
LKD000176,SP0014,2026-01-29,400,31,369,mo_ban
LKD000177,SP0014,2026-02-02,400,322,78,mo_ban
LKD000178,SP0014,2026-02-06,400,301,99,mo_ban
LKD000179,SP0014,2026-02-10,400,77,323,mo_ban
LKD000180,SP0014,2026-02-14,400,248,152,mo_ban
LKD000181,SP0014,2026-02-18,400,233,167,mo_ban
LKD000182,SP0014,2026-02-22,400,319,81,mo_ban
LKD000183,SP0014,2026-02-26,400,391,9,mo_ban
LKD000184,SP0014,2026-03-02,400,152,248,mo_ban
LKD000185,SP0015,2026-01-05,10,0,10,mo_ban
LKD000186,SP0015,2026-01-09,10,8,2,mo_ban
LKD000187,SP0015,2026-01-13,10,9,1,mo_ban
LKD000188,SP0015,2026-01-17,10,2,8,mo_ban
LKD000189,SP0015,2026-01-21,10,6,4,mo_ban
LKD000190,SP0015,2026-01-25,10,5,5,mo_ban
LKD000191,SP0015,2026-01-29,10,4,6,mo_ban
LKD000192,SP0015,2026-02-02,10,8,2,mo_ban
LKD000193,SP0015,2026-02-06,10,0,10,mo_ban
LKD000194,SP0015,2026-02-10,10,6,4,mo_ban
LKD000195,SP0015,2026-02-14,10,10,0,het_cho
LKD000196,SP0015,2026-02-18,10,5,5,mo_ban
LKD000197,SP0015,2026-02-22,10,0,10,mo_ban
LKD000198,SP0015,2026-02-26,10,3,7,mo_ban
LKD000199,SP0015,2026-03-02,10,1,9,mo_ban
LKD000200,SP0016,2026-01-05,20,1,19,mo_ban
LKD000201,SP0016,2026-01-08,20,18,2,mo_ban
LKD000202,SP0016,2026-01-11,20,13,7,mo_ban
LKD000203,SP0016,2026-01-14,20,0,20,mo_ban
LKD000204,SP0016,2026-01-17,20,6,14,mo_ban
LKD000205,SP0016,2026-01-20,20,2,18,mo_ban
LKD000206,SP0016,2026-01-23,20,6,14,mo_ban
LKD000207,SP0016,2026-01-26,20,5,15,mo_ban
LKD000208,SP0016,2026-01-29,20,15,5,mo_ban
LKD000209,SP0016,2026-02-01,20,18,2,mo_ban
LKD000210,SP0016,2026-02-04,20,9,11,mo_ban
LKD000211,SP0016,2026-02-07,20,10,10,mo_ban
LKD000212,SP0016,2026-02-10,20,17,3,mo_ban
LKD000213,SP0016,2026-02-13,20,13,7,mo_ban
LKD000214,SP0016,2026-02-16,20,14,6,mo_ban
LKD000215,SP0016,2026-02-19,20,1,19,mo_ban
LKD000216,SP0016,2026-02-22,20,15,5,mo_ban
LKD000217,SP0016,2026-02-25,20,13,7,mo_ban
LKD000218,SP0016,2026-02-28,20,17,3,mo_ban
LKD000219,SP0016,2026-03-03,20,17,3,mo_ban
LKD000220,SP0017,2026-01-05,16,11,5,mo_ban
LKD000221,SP0017,2026-01-10,16,14,2,mo_ban
LKD000222,SP0017,2026-01-15,16,2,14,mo_ban
LKD000223,SP0017,2026-01-20,16,14,2,mo_ban
LKD000224,SP0017,2026-01-25,16,5,11,mo_ban
LKD000225,SP0017,2026-01-30,16,7,9,mo_ban
LKD000226,SP0017,2026-02-04,16,4,12,mo_ban
LKD000227,SP0017,2026-02-09,16,1,15,mo_ban
LKD000228,SP0017,2026-02-14,16,5,11,mo_ban
LKD000229,SP0017,2026-02-19,16,6,10,mo_ban
LKD000230,SP0017,2026-02-24,16,8,8,mo_ban
LKD000231,SP0017,2026-03-01,16,6,10,mo_ban
LKD000232,SP0018,2026-01-05,200,81,119,mo_ban
LKD000233,SP0018,2026-01-10,200,109,91,mo_ban
LKD000234,SP0018,2026-01-15,200,56,144,mo_ban
LKD000235,SP0018,2026-01-20,200,169,31,mo_ban
LKD000236,SP0018,2026-01-25,200,97,103,mo_ban
LKD000237,SP0018,2026-01-30,200,116,84,mo_ban
LKD000238,SP0018,2026-02-04,200,189,11,mo_ban
LKD000239,SP0018,2026-02-09,200,15,185,mo_ban
LKD000240,SP0018,2026-02-14,200,177,23,mo_ban
LKD000241,SP0018,2026-02-19,200,191,9,mo_ban
LKD000242,SP0018,2026-02-24,200,176,24,mo_ban
LKD000243,SP0018,2026-03-01,200,143,57,mo_ban
LKD000244,SP0019,2026-01-05,8,2,6,mo_ban
LKD000245,SP0019,2026-01-10,8,6,2,mo_ban
LKD000246,SP0019,2026-01-15,8,2,6,mo_ban
LKD000247,SP0019,2026-01-20,8,4,4,mo_ban
LKD000248,SP0019,2026-01-25,8,8,0,het_cho
LKD000249,SP0019,2026-01-30,8,1,7,mo_ban
LKD000250,SP0019,2026-02-04,8,8,0,het_cho
LKD000251,SP0019,2026-02-09,8,5,3,mo_ban
LKD000252,SP0019,2026-02-14,8,8,0,het_cho
LKD000253,SP0019,2026-02-19,8,3,5,mo_ban
LKD000254,SP0019,2026-02-24,8,0,8,mo_ban
LKD000255,SP0019,2026-03-01,8,8,0,het_cho
LKD000256,SP0020,2026-01-05,10,3,7,mo_ban
LKD000257,SP0020,2026-01-09,10,8,2,mo_ban
LKD000258,SP0020,2026-01-13,10,3,7,mo_ban
LKD000259,SP0020,2026-01-17,10,1,9,mo_ban
LKD000260,SP0020,2026-01-21,10,5,5,mo_ban
LKD000261,SP0020,2026-01-25,10,0,10,mo_ban
LKD000262,SP0020,2026-01-29,10,8,2,mo_ban
LKD000263,SP0020,2026-02-02,10,8,2,mo_ban
LKD000264,SP0020,2026-02-06,10,1,9,mo_ban
LKD000265,SP0020,2026-02-10,10,0,10,mo_ban
LKD000266,SP0020,2026-02-14,10,3,7,mo_ban
LKD000267,SP0020,2026-02-18,10,2,8,mo_ban
LKD000268,SP0020,2026-02-22,10,10,0,het_cho
LKD000269,SP0020,2026-02-26,10,9,1,mo_ban
LKD000270,SP0020,2026-03-02,10,3,7,mo_ban
LKD000271,SP0021,2026-01-05,400,83,317,mo_ban
LKD000272,SP0021,2026-01-08,400,334,66,mo_ban
LKD000273,SP0021,2026-01-11,400,153,247,mo_ban
LKD000274,SP0021,2026-01-14,400,291,109,mo_ban
LKD000275,SP0021,2026-01-17,400,117,283,mo_ban
LKD000276,SP0021,2026-01-20,400,178,222,mo_ban
LKD000277,SP0021,2026-01-23,400,115,285,mo_ban
LKD000278,SP0021,2026-01-26,400,390,10,mo_ban
LKD000279,SP0021,2026-01-29,400,217,183,mo_ban
LKD000280,SP0021,2026-02-01,400,113,287,mo_ban
LKD000281,SP0021,2026-02-04,400,161,239,mo_ban
LKD000282,SP0021,2026-02-07,400,62,338,mo_ban
LKD000283,SP0021,2026-02-10,400,201,199,mo_ban
LKD000284,SP0021,2026-02-13,400,190,210,mo_ban
LKD000285,SP0021,2026-02-16,400,40,360,mo_ban
LKD000286,SP0021,2026-02-19,400,163,237,mo_ban
LKD000287,SP0021,2026-02-22,400,40,360,mo_ban
LKD000288,SP0021,2026-02-25,400,74,326,mo_ban
LKD000289,SP0021,2026-02-28,400,268,132,mo_ban
LKD000290,SP0021,2026-03-03,400,162,238,mo_ban
LKD000291,SP0022,2026-01-05,29,13,16,mo_ban
LKD000292,SP0022,2026-01-08,29,20,9,mo_ban
LKD000293,SP0022,2026-01-11,29,23,6,mo_ban
LKD000294,SP0022,2026-01-14,29,8,21,mo_ban
LKD000295,SP0022,2026-01-17,29,15,14,mo_ban
LKD000296,SP0022,2026-01-20,29,19,10,mo_ban
LKD000297,SP0022,2026-01-23,29,14,15,mo_ban
LKD000298,SP0022,2026-01-26,29,4,25,mo_ban
LKD000299,SP0022,2026-01-29,29,12,17,mo_ban
LKD000300,SP0022,2026-02-01,29,3,26,mo_ban
LKD000301,SP0022,2026-02-04,29,6,23,mo_ban
LKD000302,SP0022,2026-02-07,29,25,4,mo_ban
LKD000303,SP0022,2026-02-10,29,8,21,mo_ban
LKD000304,SP0022,2026-02-13,29,29,0,het_cho
LKD000305,SP0022,2026-02-16,29,14,15,mo_ban
LKD000306,SP0022,2026-02-19,29,14,15,mo_ban
LKD000307,SP0022,2026-02-22,29,11,18,mo_ban
LKD000308,SP0022,2026-02-25,29,9,20,mo_ban
LKD000309,SP0022,2026-02-28,29,18,11,mo_ban
LKD000310,SP0022,2026-03-03,29,15,14,mo_ban
LKD000311,SP0023,2026-01-05,15,8,7,mo_ban
LKD000312,SP0023,2026-01-08,15,11,4,mo_ban
LKD000313,SP0023,2026-01-11,15,9,6,mo_ban
LKD000314,SP0023,2026-01-14,15,6,9,mo_ban
LKD000315,SP0023,2026-01-17,15,1,14,mo_ban
LKD000316,SP0023,2026-01-20,15,0,15,mo_ban
LKD000317,SP0023,2026-01-23,15,14,1,mo_ban
LKD000318,SP0023,2026-01-26,15,11,4,mo_ban
LKD000319,SP0023,2026-01-29,15,15,0,het_cho
LKD000320,SP0023,2026-02-01,15,6,9,mo_ban
LKD000321,SP0023,2026-02-04,15,9,6,mo_ban
LKD000322,SP0023,2026-02-07,15,7,8,mo_ban
LKD000323,SP0023,2026-02-10,15,9,6,mo_ban
LKD000324,SP0023,2026-02-13,15,8,7,mo_ban
LKD000325,SP0023,2026-02-16,15,0,15,mo_ban
LKD000326,SP0023,2026-02-19,15,10,5,mo_ban
LKD000327,SP0023,2026-02-22,15,7,8,mo_ban
LKD000328,SP0023,2026-02-25,15,5,10,mo_ban
LKD000329,SP0023,2026-02-28,15,5,10,mo_ban
LKD000330,SP0023,2026-03-03,15,2,13,mo_ban
LKD000331,SP0024,2026-01-05,10,1,9,mo_ban
LKD000332,SP0024,2026-01-09,10,2,8,mo_ban
LKD000333,SP0024,2026-01-13,10,3,7,mo_ban
LKD000334,SP0024,2026-01-17,10,4,6,mo_ban
LKD000335,SP0024,2026-01-21,10,10,0,het_cho
LKD000336,SP0024,2026-01-25,10,4,6,mo_ban
LKD000337,SP0024,2026-01-29,10,1,9,mo_ban
LKD000338,SP0024,2026-02-02,10,7,3,mo_ban
LKD000339,SP0024,2026-02-06,10,9,1,mo_ban
LKD000340,SP0024,2026-02-10,10,0,10,mo_ban
LKD000341,SP0024,2026-02-14,10,9,1,mo_ban
LKD000342,SP0024,2026-02-18,10,8,2,mo_ban
LKD000343,SP0024,2026-02-22,10,2,8,mo_ban
LKD000344,SP0024,2026-02-26,10,4,6,mo_ban
LKD000345,SP0024,2026-03-02,10,6,4,mo_ban
LKD000346,SP0025,2026-01-05,6,3,3,mo_ban
LKD000347,SP0025,2026-01-08,6,3,3,mo_ban
LKD000348,SP0025,2026-01-11,6,3,3,mo_ban
LKD000349,SP0025,2026-01-14,6,5,1,mo_ban
LKD000350,SP0025,2026-01-17,6,2,4,mo_ban
LKD000351,SP0025,2026-01-20,6,0,6,mo_ban
LKD000352,SP0025,2026-01-23,6,5,1,mo_ban
LKD000353,SP0025,2026-01-26,6,3,3,mo_ban
LKD000354,SP0025,2026-01-29,6,1,5,mo_ban
LKD000355,SP0025,2026-02-01,6,6,0,het_cho
LKD000356,SP0025,2026-02-04,6,5,1,mo_ban
LKD000357,SP0025,2026-02-07,6,1,5,mo_ban
LKD000358,SP0025,2026-02-10,6,3,3,mo_ban
LKD000359,SP0025,2026-02-13,6,5,1,mo_ban
LKD000360,SP0025,2026-02-16,6,2,4,mo_ban
LKD000361,SP0025,2026-02-19,6,2,4,mo_ban
LKD000362,SP0025,2026-02-22,6,4,2,mo_ban
LKD000363,SP0025,2026-02-25,6,3,3,mo_ban
LKD000364,SP0025,2026-02-28,6,1,5,mo_ban
LKD000365,SP0025,2026-03-03,6,0,6,mo_ban
LKD000366,SP0026,2026-01-05,29,14,15,mo_ban
LKD000367,SP0026,2026-01-10,29,2,27,mo_ban
LKD000368,SP0026,2026-01-15,29,17,12,mo_ban
LKD000369,SP0026,2026-01-20,29,20,9,mo_ban
LKD000370,SP0026,2026-01-25,29,22,7,mo_ban
LKD000371,SP0026,2026-01-30,29,19,10,mo_ban
LKD000372,SP0026,2026-02-04,29,18,11,mo_ban
LKD000373,SP0026,2026-02-09,29,2,27,mo_ban
LKD000374,SP0026,2026-02-14,29,8,21,mo_ban
LKD000375,SP0026,2026-02-19,29,19,10,mo_ban
LKD000376,SP0026,2026-02-24,29,10,19,mo_ban
LKD000377,SP0026,2026-03-01,29,7,22,mo_ban
LKD000378,SP0027,2026-01-05,200,167,33,mo_ban
LKD000379,SP0027,2026-01-10,200,191,9,mo_ban
LKD000380,SP0027,2026-01-15,200,131,69,mo_ban
LKD000381,SP0027,2026-01-20,200,49,151,mo_ban
LKD000382,SP0027,2026-01-25,200,184,16,mo_ban
LKD000383,SP0027,2026-01-30,200,147,53,mo_ban
LKD000384,SP0027,2026-02-04,200,121,79,mo_ban
LKD000385,SP0027,2026-02-09,200,151,49,mo_ban
LKD000386,SP0027,2026-02-14,200,45,155,mo_ban
LKD000387,SP0027,2026-02-19,200,161,39,mo_ban
LKD000388,SP0027,2026-02-24,200,144,56,mo_ban
LKD000389,SP0027,2026-03-01,200,31,169,mo_ban
LKD000390,SP0028,2026-01-05,200,62,138,mo_ban
LKD000391,SP0028,2026-01-10,200,74,126,mo_ban
LKD000392,SP0028,2026-01-15,200,21,179,mo_ban
LKD000393,SP0028,2026-01-20,200,62,138,mo_ban
LKD000394,SP0028,2026-01-25,200,55,145,mo_ban
LKD000395,SP0028,2026-01-30,200,198,2,mo_ban
LKD000396,SP0028,2026-02-04,200,147,53,mo_ban
LKD000397,SP0028,2026-02-09,200,188,12,mo_ban
LKD000398,SP0028,2026-02-14,200,116,84,mo_ban
LKD000399,SP0028,2026-02-19,200,174,26,mo_ban
LKD000400,SP0028,2026-02-24,200,164,36,mo_ban
LKD000401,SP0028,2026-03-01,200,116,84,mo_ban
LKD000402,SP0029,2026-01-05,20,8,12,mo_ban
LKD000403,SP0029,2026-01-10,20,0,20,mo_ban
LKD000404,SP0029,2026-01-15,20,19,1,mo_ban
LKD000405,SP0029,2026-01-20,20,10,10,mo_ban
LKD000406,SP0029,2026-01-25,20,15,5,mo_ban
LKD000407,SP0029,2026-01-30,20,11,9,mo_ban
LKD000408,SP0029,2026-02-04,20,1,19,mo_ban
LKD000409,SP0029,2026-02-09,20,18,2,mo_ban
LKD000410,SP0029,2026-02-14,20,8,12,mo_ban
LKD000411,SP0029,2026-02-19,20,3,17,mo_ban
LKD000412,SP0029,2026-02-24,20,15,5,mo_ban
LKD000413,SP0029,2026-03-01,20,20,0,het_cho
LKD000414,SP0030,2026-01-05,2,1,1,mo_ban
LKD000415,SP0030,2026-01-10,2,1,1,mo_ban
LKD000416,SP0030,2026-01-15,2,2,0,het_cho
LKD000417,SP0030,2026-01-20,2,2,0,het_cho
LKD000418,SP0030,2026-01-25,2,0,2,mo_ban
LKD000419,SP0030,2026-01-30,2,2,0,het_cho
LKD000420,SP0030,2026-02-04,2,0,2,mo_ban
LKD000421,SP0030,2026-02-09,2,0,2,mo_ban
LKD000422,SP0030,2026-02-14,2,1,1,mo_ban
LKD000423,SP0030,2026-02-19,2,1,1,mo_ban
LKD000424,SP0030,2026-02-24,2,1,1,mo_ban
LKD000425,SP0030,2026-03-01,2,0,2,mo_ban
LKD000426,SP0031,2026-01-05,100,28,72,mo_ban
LKD000427,SP0031,2026-01-09,100,15,85,mo_ban
LKD000428,SP0031,2026-01-13,100,74,26,mo_ban
LKD000429,SP0031,2026-01-17,100,61,39,mo_ban
LKD000430,SP0031,2026-01-21,100,13,87,mo_ban
LKD000431,SP0031,2026-01-25,100,0,100,mo_ban
LKD000432,SP0031,2026-01-29,100,30,70,mo_ban
LKD000433,SP0031,2026-02-02,100,58,42,mo_ban
LKD000434,SP0031,2026-02-06,100,48,52,mo_ban
LKD000435,SP0031,2026-02-10,100,66,34,mo_ban
LKD000436,SP0031,2026-02-14,100,39,61,mo_ban
LKD000437,SP0031,2026-02-18,100,13,87,mo_ban
LKD000438,SP0031,2026-02-22,100,8,92,mo_ban
LKD000439,SP0031,2026-02-26,100,72,28,mo_ban
LKD000440,SP0031,2026-03-02,100,89,11,mo_ban
LKD000441,SP0032,2026-01-05,16,3,13,mo_ban
LKD000442,SP0032,2026-01-09,16,1,15,mo_ban
LKD000443,SP0032,2026-01-13,16,10,6,mo_ban
LKD000444,SP0032,2026-01-17,16,12,4,mo_ban
LKD000445,SP0032,2026-01-21,16,10,6,mo_ban
LKD000446,SP0032,2026-01-25,16,15,1,mo_ban
LKD000447,SP0032,2026-01-29,16,15,1,mo_ban
LKD000448,SP0032,2026-02-02,16,2,14,mo_ban
LKD000449,SP0032,2026-02-06,16,2,14,mo_ban
LKD000450,SP0032,2026-02-10,16,7,9,mo_ban
LKD000451,SP0032,2026-02-14,16,2,14,mo_ban
LKD000452,SP0032,2026-02-18,16,8,8,mo_ban
LKD000453,SP0032,2026-02-22,16,1,15,mo_ban
LKD000454,SP0032,2026-02-26,16,13,3,mo_ban
LKD000455,SP0032,2026-03-02,16,6,10,mo_ban
LKD000456,SP0033,2026-01-05,16,14,2,mo_ban
LKD000457,SP0033,2026-01-10,16,10,6,mo_ban
LKD000458,SP0033,2026-01-15,16,9,7,mo_ban
LKD000459,SP0033,2026-01-20,16,8,8,mo_ban
LKD000460,SP0033,2026-01-25,16,15,1,mo_ban
LKD000461,SP0033,2026-01-30,16,2,14,mo_ban
LKD000462,SP0033,2026-02-04,16,14,2,mo_ban
LKD000463,SP0033,2026-02-09,16,3,13,mo_ban
LKD000464,SP0033,2026-02-14,16,10,6,mo_ban
LKD000465,SP0033,2026-02-19,16,0,16,mo_ban
LKD000466,SP0033,2026-02-24,16,14,2,mo_ban
LKD000467,SP0033,2026-03-01,16,9,7,mo_ban
LKD000468,SP0034,2026-01-05,15,8,7,mo_ban
LKD000469,SP0034,2026-01-09,15,15,0,het_cho
LKD000470,SP0034,2026-01-13,15,14,1,mo_ban
LKD000471,SP0034,2026-01-17,15,10,5,mo_ban
LKD000472,SP0034,2026-01-21,15,8,7,mo_ban
LKD000473,SP0034,2026-01-25,15,8,7,mo_ban
LKD000474,SP0034,2026-01-29,15,3,12,mo_ban
LKD000475,SP0034,2026-02-02,15,11,4,mo_ban
LKD000476,SP0034,2026-02-06,15,5,10,mo_ban
LKD000477,SP0034,2026-02-10,15,13,2,mo_ban
LKD000478,SP0034,2026-02-14,15,0,15,mo_ban
LKD000479,SP0034,2026-02-18,15,8,7,mo_ban
LKD000480,SP0034,2026-02-22,15,9,6,mo_ban
LKD000481,SP0034,2026-02-26,15,0,15,mo_ban
LKD000482,SP0034,2026-03-02,15,4,11,mo_ban
LKD000483,SP0035,2026-01-05,16,16,0,het_cho
LKD000484,SP0035,2026-01-09,16,13,3,mo_ban
LKD000485,SP0035,2026-01-13,16,6,10,mo_ban
LKD000486,SP0035,2026-01-17,16,11,5,mo_ban
LKD000487,SP0035,2026-01-21,16,16,0,het_cho
LKD000488,SP0035,2026-01-25,16,9,7,mo_ban
LKD000489,SP0035,2026-01-29,16,13,3,mo_ban
LKD000490,SP0035,2026-02-02,16,3,13,mo_ban
LKD000491,SP0035,2026-02-06,16,13,3,mo_ban
LKD000492,SP0035,2026-02-10,16,1,15,mo_ban
LKD000493,SP0035,2026-02-14,16,10,6,mo_ban
LKD000494,SP0035,2026-02-18,16,14,2,mo_ban
LKD000495,SP0035,2026-02-22,16,4,12,mo_ban
LKD000496,SP0035,2026-02-26,16,8,8,mo_ban
LKD000497,SP0035,2026-03-02,16,12,4,mo_ban
LKD000498,SP0036,2026-01-05,25,24,1,mo_ban
LKD000499,SP0036,2026-01-08,25,9,16,mo_ban
LKD000500,SP0036,2026-01-11,25,1,24,mo_ban
LKD000501,SP0036,2026-01-14,25,20,5,mo_ban
LKD000502,SP0036,2026-01-17,25,20,5,mo_ban
LKD000503,SP0036,2026-01-20,25,16,9,mo_ban
LKD000504,SP0036,2026-01-23,25,2,23,mo_ban
LKD000505,SP0036,2026-01-26,25,5,20,mo_ban
LKD000506,SP0036,2026-01-29,25,0,25,mo_ban
LKD000507,SP0036,2026-02-01,25,1,24,mo_ban
LKD000508,SP0036,2026-02-04,25,5,20,mo_ban
LKD000509,SP0036,2026-02-07,25,5,20,mo_ban
LKD000510,SP0036,2026-02-10,25,16,9,mo_ban
LKD000511,SP0036,2026-02-13,25,14,11,mo_ban
LKD000512,SP0036,2026-02-16,25,8,17,mo_ban
LKD000513,SP0036,2026-02-19,25,22,3,mo_ban
LKD000514,SP0036,2026-02-22,25,25,0,het_cho
LKD000515,SP0036,2026-02-25,25,13,12,mo_ban
LKD000516,SP0036,2026-02-28,25,15,10,mo_ban
LKD000517,SP0036,2026-03-03,25,2,23,mo_ban
LKD000518,SP0037,2026-01-05,10,10,0,het_cho
LKD000519,SP0037,2026-01-09,10,5,5,mo_ban
LKD000520,SP0037,2026-01-13,10,6,4,mo_ban
LKD000521,SP0037,2026-01-17,10,2,8,mo_ban
LKD000522,SP0037,2026-01-21,10,6,4,mo_ban
LKD000523,SP0037,2026-01-25,10,2,8,mo_ban
LKD000524,SP0037,2026-01-29,10,7,3,mo_ban
LKD000525,SP0037,2026-02-02,10,3,7,mo_ban
LKD000526,SP0037,2026-02-06,10,9,1,mo_ban
LKD000527,SP0037,2026-02-10,10,4,6,mo_ban
LKD000528,SP0037,2026-02-14,10,0,10,mo_ban
LKD000529,SP0037,2026-02-18,10,4,6,mo_ban
LKD000530,SP0037,2026-02-22,10,0,10,mo_ban
LKD000531,SP0037,2026-02-26,10,9,1,mo_ban
LKD000532,SP0037,2026-03-02,10,10,0,het_cho
LKD000533,SP0038,2026-01-05,15,14,1,mo_ban
LKD000534,SP0038,2026-01-09,15,12,3,mo_ban
LKD000535,SP0038,2026-01-13,15,5,10,mo_ban
LKD000536,SP0038,2026-01-17,15,6,9,mo_ban
LKD000537,SP0038,2026-01-21,15,14,1,mo_ban
LKD000538,SP0038,2026-01-25,15,1,14,mo_ban
LKD000539,SP0038,2026-01-29,15,11,4,mo_ban
LKD000540,SP0038,2026-02-02,15,11,4,mo_ban
LKD000541,SP0038,2026-02-06,15,8,7,mo_ban
LKD000542,SP0038,2026-02-10,15,4,11,mo_ban
LKD000543,SP0038,2026-02-14,15,10,5,mo_ban
LKD000544,SP0038,2026-02-18,15,8,7,mo_ban
LKD000545,SP0038,2026-02-22,15,2,13,mo_ban
LKD000546,SP0038,2026-02-26,15,15,0,het_cho
LKD000547,SP0038,2026-03-02,15,7,8,mo_ban
LKD000548,SP0039,2026-01-05,8,2,6,mo_ban
LKD000549,SP0039,2026-01-08,8,8,0,het_cho
LKD000550,SP0039,2026-01-11,8,2,6,mo_ban
LKD000551,SP0039,2026-01-14,8,5,3,mo_ban
LKD000552,SP0039,2026-01-17,8,3,5,mo_ban
LKD000553,SP0039,2026-01-20,8,6,2,mo_ban
LKD000554,SP0039,2026-01-23,8,6,2,mo_ban
LKD000555,SP0039,2026-01-26,8,6,2,mo_ban
LKD000556,SP0039,2026-01-29,8,0,8,mo_ban
LKD000557,SP0039,2026-02-01,8,0,8,mo_ban
LKD000558,SP0039,2026-02-04,8,3,5,mo_ban
LKD000559,SP0039,2026-02-07,8,2,6,mo_ban
LKD000560,SP0039,2026-02-10,8,6,2,mo_ban
LKD000561,SP0039,2026-02-13,8,3,5,mo_ban
LKD000562,SP0039,2026-02-16,8,7,1,mo_ban
LKD000563,SP0039,2026-02-19,8,2,6,mo_ban
LKD000564,SP0039,2026-02-22,8,0,8,mo_ban
LKD000565,SP0039,2026-02-25,8,3,5,mo_ban
LKD000566,SP0039,2026-02-28,8,1,7,mo_ban
LKD000567,SP0039,2026-03-03,8,0,8,mo_ban
LKD000568,SP0040,2026-01-05,400,170,230,mo_ban
LKD000569,SP0040,2026-01-09,400,325,75,mo_ban
LKD000570,SP0040,2026-01-13,400,106,294,mo_ban
LKD000571,SP0040,2026-01-17,400,239,161,mo_ban
LKD000572,SP0040,2026-01-21,400,40,360,mo_ban
LKD000573,SP0040,2026-01-25,400,337,63,mo_ban
LKD000574,SP0040,2026-01-29,400,400,0,het_cho
LKD000575,SP0040,2026-02-02,400,112,288,mo_ban
LKD000576,SP0040,2026-02-06,400,182,218,mo_ban
LKD000577,SP0040,2026-02-10,400,284,116,mo_ban
LKD000578,SP0040,2026-02-14,400,105,295,mo_ban
LKD000579,SP0040,2026-02-18,400,181,219,mo_ban
LKD000580,SP0040,2026-02-22,400,275,125,mo_ban
LKD000581,SP0040,2026-02-26,400,280,120,mo_ban
LKD000582,SP0040,2026-03-02,400,378,22,mo_ban
LKD000583,SP0041,2026-01-05,8,7,1,mo_ban
LKD000584,SP0041,2026-01-08,8,7,1,mo_ban
LKD000585,SP0041,2026-01-11,8,0,8,mo_ban
LKD000586,SP0041,2026-01-14,8,6,2,mo_ban
LKD000587,SP0041,2026-01-17,8,5,3,mo_ban
LKD000588,SP0041,2026-01-20,8,6,2,mo_ban
LKD000589,SP0041,2026-01-23,8,5,3,mo_ban
LKD000590,SP0041,2026-01-26,8,8,0,het_cho
LKD000591,SP0041,2026-01-29,8,2,6,mo_ban
LKD000592,SP0041,2026-02-01,8,0,8,mo_ban
LKD000593,SP0041,2026-02-04,8,1,7,mo_ban
LKD000594,SP0041,2026-02-07,8,7,1,mo_ban
LKD000595,SP0041,2026-02-10,8,8,0,het_cho
LKD000596,SP0041,2026-02-13,8,0,8,mo_ban
LKD000597,SP0041,2026-02-16,8,4,4,mo_ban
LKD000598,SP0041,2026-02-19,8,4,4,mo_ban
LKD000599,SP0041,2026-02-22,8,7,1,mo_ban
LKD000600,SP0041,2026-02-25,8,0,8,mo_ban
LKD000601,SP0041,2026-02-28,8,5,3,mo_ban
LKD000602,SP0041,2026-03-03,8,0,8,mo_ban
LKD000603,SP0042,2026-01-05,10,1,9,mo_ban
LKD000604,SP0042,2026-01-10,10,4,6,mo_ban
LKD000605,SP0042,2026-01-15,10,3,7,mo_ban
LKD000606,SP0042,2026-01-20,10,3,7,mo_ban
LKD000607,SP0042,2026-01-25,10,3,7,mo_ban
LKD000608,SP0042,2026-01-30,10,4,6,mo_ban
LKD000609,SP0042,2026-02-04,10,6,4,mo_ban
LKD000610,SP0042,2026-02-09,10,9,1,mo_ban
LKD000611,SP0042,2026-02-14,10,0,10,mo_ban
LKD000612,SP0042,2026-02-19,10,6,4,mo_ban
LKD000613,SP0042,2026-02-24,10,8,2,mo_ban
LKD000614,SP0042,2026-03-01,10,6,4,mo_ban
LKD000615,SP0043,2026-01-05,6,5,1,mo_ban
LKD000616,SP0043,2026-01-08,6,1,5,mo_ban
LKD000617,SP0043,2026-01-11,6,1,5,mo_ban
LKD000618,SP0043,2026-01-14,6,1,5,mo_ban
LKD000619,SP0043,2026-01-17,6,4,2,mo_ban
LKD000620,SP0043,2026-01-20,6,5,1,mo_ban
LKD000621,SP0043,2026-01-23,6,2,4,mo_ban
LKD000622,SP0043,2026-01-26,6,5,1,mo_ban
LKD000623,SP0043,2026-01-29,6,0,6,mo_ban
LKD000624,SP0043,2026-02-01,6,4,2,mo_ban
LKD000625,SP0043,2026-02-04,6,4,2,mo_ban
LKD000626,SP0043,2026-02-07,6,3,3,mo_ban
LKD000627,SP0043,2026-02-10,6,5,1,mo_ban
LKD000628,SP0043,2026-02-13,6,0,6,mo_ban
LKD000629,SP0043,2026-02-16,6,1,5,mo_ban
LKD000630,SP0043,2026-02-19,6,1,5,mo_ban
LKD000631,SP0043,2026-02-22,6,3,3,mo_ban
LKD000632,SP0043,2026-02-25,6,4,2,mo_ban
LKD000633,SP0043,2026-02-28,6,2,4,mo_ban
LKD000634,SP0043,2026-03-03,6,2,4,mo_ban
LKD000635,SP0044,2026-01-05,4,4,0,het_cho
LKD000636,SP0044,2026-01-08,4,0,4,mo_ban
LKD000637,SP0044,2026-01-11,4,0,4,mo_ban
LKD000638,SP0044,2026-01-14,4,4,0,het_cho
LKD000639,SP0044,2026-01-17,4,1,3,mo_ban
LKD000640,SP0044,2026-01-20,4,0,4,mo_ban
LKD000641,SP0044,2026-01-23,4,1,3,mo_ban
LKD000642,SP0044,2026-01-26,4,1,3,mo_ban
LKD000643,SP0044,2026-01-29,4,1,3,mo_ban
LKD000644,SP0044,2026-02-01,4,0,4,mo_ban
LKD000645,SP0044,2026-02-04,4,0,4,mo_ban
LKD000646,SP0044,2026-02-07,4,4,0,het_cho
LKD000647,SP0044,2026-02-10,4,0,4,mo_ban
LKD000648,SP0044,2026-02-13,4,0,4,mo_ban
LKD000649,SP0044,2026-02-16,4,3,1,mo_ban
LKD000650,SP0044,2026-02-19,4,0,4,mo_ban
LKD000651,SP0044,2026-02-22,4,3,1,mo_ban
LKD000652,SP0044,2026-02-25,4,3,1,mo_ban
LKD000653,SP0044,2026-02-28,4,1,3,mo_ban
LKD000654,SP0044,2026-03-03,4,1,3,mo_ban
LKD000655,SP0045,2026-01-05,2,0,2,mo_ban
LKD000656,SP0045,2026-01-08,2,0,2,mo_ban
LKD000657,SP0045,2026-01-11,2,0,2,mo_ban
LKD000658,SP0045,2026-01-14,2,0,2,mo_ban
LKD000659,SP0045,2026-01-17,2,0,2,mo_ban
LKD000660,SP0045,2026-01-20,2,1,1,mo_ban
LKD000661,SP0045,2026-01-23,2,0,2,mo_ban
LKD000662,SP0045,2026-01-26,2,1,1,mo_ban
LKD000663,SP0045,2026-01-29,2,1,1,mo_ban
LKD000664,SP0045,2026-02-01,2,2,0,het_cho
LKD000665,SP0045,2026-02-04,2,2,0,het_cho
LKD000666,SP0045,2026-02-07,2,2,0,het_cho
LKD000667,SP0045,2026-02-10,2,1,1,mo_ban
LKD000668,SP0045,2026-02-13,2,1,1,mo_ban
LKD000669,SP0045,2026-02-16,2,2,0,het_cho
LKD000670,SP0045,2026-02-19,2,2,0,het_cho
LKD000671,SP0045,2026-02-22,2,1,1,mo_ban
LKD000672,SP0045,2026-02-25,2,1,1,mo_ban
LKD000673,SP0045,2026-02-28,2,2,0,het_cho
LKD000674,SP0045,2026-03-03,2,1,1,mo_ban
LKD000675,SP0046,2026-01-05,400,347,53,mo_ban
LKD000676,SP0046,2026-01-08,400,193,207,mo_ban
LKD000677,SP0046,2026-01-11,400,8,392,mo_ban
LKD000678,SP0046,2026-01-14,400,82,318,mo_ban
LKD000679,SP0046,2026-01-17,400,185,215,mo_ban
LKD000680,SP0046,2026-01-20,400,343,57,mo_ban
LKD000681,SP0046,2026-01-23,400,277,123,mo_ban
LKD000682,SP0046,2026-01-26,400,113,287,mo_ban
LKD000683,SP0046,2026-01-29,400,137,263,mo_ban
LKD000684,SP0046,2026-02-01,400,357,43,mo_ban
LKD000685,SP0046,2026-02-04,400,149,251,mo_ban
LKD000686,SP0046,2026-02-07,400,325,75,mo_ban
LKD000687,SP0046,2026-02-10,400,35,365,mo_ban
LKD000688,SP0046,2026-02-13,400,244,156,mo_ban
LKD000689,SP0046,2026-02-16,400,126,274,mo_ban
LKD000690,SP0046,2026-02-19,400,211,189,mo_ban
LKD000691,SP0046,2026-02-22,400,145,255,mo_ban
LKD000692,SP0046,2026-02-25,400,341,59,mo_ban
LKD000693,SP0046,2026-02-28,400,125,275,mo_ban
LKD000694,SP0046,2026-03-03,400,4,396,mo_ban
LKD000695,SP0047,2026-01-05,8,6,2,mo_ban
LKD000696,SP0047,2026-01-08,8,0,8,mo_ban
LKD000697,SP0047,2026-01-11,8,1,7,mo_ban
LKD000698,SP0047,2026-01-14,8,8,0,het_cho
LKD000699,SP0047,2026-01-17,8,5,3,mo_ban
LKD000700,SP0047,2026-01-20,8,8,0,het_cho
LKD000701,SP0047,2026-01-23,8,0,8,mo_ban
LKD000702,SP0047,2026-01-26,8,2,6,mo_ban
LKD000703,SP0047,2026-01-29,8,8,0,het_cho
LKD000704,SP0047,2026-02-01,8,2,6,mo_ban
LKD000705,SP0047,2026-02-04,8,7,1,mo_ban
LKD000706,SP0047,2026-02-07,8,6,2,mo_ban
LKD000707,SP0047,2026-02-10,8,7,1,mo_ban
LKD000708,SP0047,2026-02-13,8,5,3,mo_ban
LKD000709,SP0047,2026-02-16,8,8,0,het_cho
LKD000710,SP0047,2026-02-19,8,3,5,mo_ban
LKD000711,SP0047,2026-02-22,8,2,6,mo_ban
LKD000712,SP0047,2026-02-25,8,5,3,mo_ban
LKD000713,SP0047,2026-02-28,8,0,8,mo_ban
LKD000714,SP0047,2026-03-03,8,0,8,mo_ban
LKD000715,SP0048,2026-01-05,6,2,4,mo_ban
LKD000716,SP0048,2026-01-10,6,5,1,mo_ban
LKD000717,SP0048,2026-01-15,6,5,1,mo_ban
LKD000718,SP0048,2026-01-20,6,3,3,mo_ban
LKD000719,SP0048,2026-01-25,6,3,3,mo_ban
LKD000720,SP0048,2026-01-30,6,3,3,mo_ban
LKD000721,SP0048,2026-02-04,6,4,2,mo_ban
LKD000722,SP0048,2026-02-09,6,5,1,mo_ban
LKD000723,SP0048,2026-02-14,6,4,2,mo_ban
LKD000724,SP0048,2026-02-19,6,5,1,mo_ban
LKD000725,SP0048,2026-02-24,6,4,2,mo_ban
LKD000726,SP0048,2026-03-01,6,4,2,mo_ban
LKD000727,SP0049,2026-01-05,20,16,4,mo_ban
LKD000728,SP0049,2026-01-09,20,12,8,mo_ban
LKD000729,SP0049,2026-01-13,20,15,5,mo_ban
LKD000730,SP0049,2026-01-17,20,11,9,mo_ban
LKD000731,SP0049,2026-01-21,20,13,7,mo_ban
LKD000732,SP0049,2026-01-25,20,11,9,mo_ban
LKD000733,SP0049,2026-01-29,20,16,4,mo_ban
LKD000734,SP0049,2026-02-02,20,1,19,mo_ban
LKD000735,SP0049,2026-02-06,20,14,6,mo_ban
LKD000736,SP0049,2026-02-10,20,8,12,mo_ban
LKD000737,SP0049,2026-02-14,20,2,18,mo_ban
LKD000738,SP0049,2026-02-18,20,10,10,mo_ban
LKD000739,SP0049,2026-02-22,20,19,1,mo_ban
LKD000740,SP0049,2026-02-26,20,3,17,mo_ban
LKD000741,SP0049,2026-03-02,20,7,13,mo_ban
LKD000742,SP0050,2026-01-05,8,0,8,mo_ban
LKD000743,SP0050,2026-01-08,8,6,2,mo_ban
LKD000744,SP0050,2026-01-11,8,4,4,mo_ban
LKD000745,SP0050,2026-01-14,8,5,3,mo_ban
LKD000746,SP0050,2026-01-17,8,8,0,het_cho
LKD000747,SP0050,2026-01-20,8,6,2,mo_ban
LKD000748,SP0050,2026-01-23,8,0,8,mo_ban
LKD000749,SP0050,2026-01-26,8,0,8,mo_ban
LKD000750,SP0050,2026-01-29,8,0,8,mo_ban
LKD000751,SP0050,2026-02-01,8,1,7,mo_ban
LKD000752,SP0050,2026-02-04,8,3,5,mo_ban
LKD000753,SP0050,2026-02-07,8,6,2,mo_ban
LKD000754,SP0050,2026-02-10,8,6,2,mo_ban
LKD000755,SP0050,2026-02-13,8,4,4,mo_ban
LKD000756,SP0050,2026-02-16,8,3,5,mo_ban
LKD000757,SP0050,2026-02-19,8,0,8,mo_ban
LKD000758,SP0050,2026-02-22,8,5,3,mo_ban
LKD000759,SP0050,2026-02-25,8,2,6,mo_ban
LKD000760,SP0050,2026-02-28,8,2,6,mo_ban
LKD000761,SP0050,2026-03-03,8,5,3,mo_ban
LKD000762,SP0051,2026-01-05,8,1,7,mo_ban
LKD000763,SP0051,2026-01-08,8,0,8,mo_ban
LKD000764,SP0051,2026-01-11,8,8,0,het_cho
LKD000765,SP0051,2026-01-14,8,5,3,mo_ban
LKD000766,SP0051,2026-01-17,8,3,5,mo_ban
LKD000767,SP0051,2026-01-20,8,0,8,mo_ban
LKD000768,SP0051,2026-01-23,8,7,1,mo_ban
LKD000769,SP0051,2026-01-26,8,7,1,mo_ban
LKD000770,SP0051,2026-01-29,8,2,6,mo_ban
LKD000771,SP0051,2026-02-01,8,6,2,mo_ban
LKD000772,SP0051,2026-02-04,8,4,4,mo_ban
LKD000773,SP0051,2026-02-07,8,6,2,mo_ban
LKD000774,SP0051,2026-02-10,8,7,1,mo_ban
LKD000775,SP0051,2026-02-13,8,3,5,mo_ban
LKD000776,SP0051,2026-02-16,8,3,5,mo_ban
LKD000777,SP0051,2026-02-19,8,0,8,mo_ban
LKD000778,SP0051,2026-02-22,8,4,4,mo_ban
LKD000779,SP0051,2026-02-25,8,2,6,mo_ban
LKD000780,SP0051,2026-02-28,8,8,0,het_cho
LKD000781,SP0051,2026-03-03,8,3,5,mo_ban
LKD000782,SP0052,2026-01-05,4,4,0,het_cho
LKD000783,SP0052,2026-01-09,4,3,1,mo_ban
LKD000784,SP0052,2026-01-13,4,0,4,mo_ban
LKD000785,SP0052,2026-01-17,4,3,1,mo_ban
LKD000786,SP0052,2026-01-21,4,3,1,mo_ban
LKD000787,SP0052,2026-01-25,4,2,2,mo_ban
LKD000788,SP0052,2026-01-29,4,1,3,mo_ban
LKD000789,SP0052,2026-02-02,4,3,1,mo_ban
LKD000790,SP0052,2026-02-06,4,2,2,mo_ban
LKD000791,SP0052,2026-02-10,4,1,3,mo_ban
LKD000792,SP0052,2026-02-14,4,0,4,mo_ban
LKD000793,SP0052,2026-02-18,4,0,4,mo_ban
LKD000794,SP0052,2026-02-22,4,0,4,mo_ban
LKD000795,SP0052,2026-02-26,4,2,2,mo_ban
LKD000796,SP0052,2026-03-02,4,4,0,het_cho
LKD000797,SP0053,2026-01-05,20,17,3,mo_ban
LKD000798,SP0053,2026-01-10,20,10,10,mo_ban
LKD000799,SP0053,2026-01-15,20,0,20,mo_ban
LKD000800,SP0053,2026-01-20,20,0,20,mo_ban
LKD000801,SP0053,2026-01-25,20,5,15,mo_ban
LKD000802,SP0053,2026-01-30,20,3,17,mo_ban
LKD000803,SP0053,2026-02-04,20,14,6,mo_ban
LKD000804,SP0053,2026-02-09,20,1,19,mo_ban
LKD000805,SP0053,2026-02-14,20,5,15,mo_ban
LKD000806,SP0053,2026-02-19,20,4,16,mo_ban
LKD000807,SP0053,2026-02-24,20,13,7,mo_ban
LKD000808,SP0053,2026-03-01,20,4,16,mo_ban
LKD000809,SP0054,2026-01-05,6,0,6,mo_ban
LKD000810,SP0054,2026-01-08,6,3,3,mo_ban
LKD000811,SP0054,2026-01-11,6,0,6,mo_ban
LKD000812,SP0054,2026-01-14,6,0,6,mo_ban
LKD000813,SP0054,2026-01-17,6,1,5,mo_ban
LKD000814,SP0054,2026-01-20,6,2,4,mo_ban
LKD000815,SP0054,2026-01-23,6,6,0,het_cho
LKD000816,SP0054,2026-01-26,6,1,5,mo_ban
LKD000817,SP0054,2026-01-29,6,3,3,mo_ban
LKD000818,SP0054,2026-02-01,6,1,5,mo_ban
LKD000819,SP0054,2026-02-04,6,6,0,het_cho
LKD000820,SP0054,2026-02-07,6,6,0,het_cho
LKD000821,SP0054,2026-02-10,6,4,2,mo_ban
LKD000822,SP0054,2026-02-13,6,1,5,mo_ban
LKD000823,SP0054,2026-02-16,6,3,3,mo_ban
LKD000824,SP0054,2026-02-19,6,0,6,mo_ban
LKD000825,SP0054,2026-02-22,6,2,4,mo_ban
LKD000826,SP0054,2026-02-25,6,0,6,mo_ban
LKD000827,SP0054,2026-02-28,6,1,5,mo_ban
LKD000828,SP0054,2026-03-03,6,4,2,mo_ban
LKD000829,SP0055,2026-01-05,20,5,15,mo_ban
LKD000830,SP0055,2026-01-08,20,13,7,mo_ban
LKD000831,SP0055,2026-01-11,20,13,7,mo_ban
LKD000832,SP0055,2026-01-14,20,18,2,mo_ban
LKD000833,SP0055,2026-01-17,20,20,0,het_cho
LKD000834,SP0055,2026-01-20,20,9,11,mo_ban
LKD000835,SP0055,2026-01-23,20,16,4,mo_ban
LKD000836,SP0055,2026-01-26,20,14,6,mo_ban
LKD000837,SP0055,2026-01-29,20,11,9,mo_ban
LKD000838,SP0055,2026-02-01,20,13,7,mo_ban
LKD000839,SP0055,2026-02-04,20,16,4,mo_ban
LKD000840,SP0055,2026-02-07,20,15,5,mo_ban
LKD000841,SP0055,2026-02-10,20,16,4,mo_ban
LKD000842,SP0055,2026-02-13,20,9,11,mo_ban
LKD000843,SP0055,2026-02-16,20,1,19,mo_ban
LKD000844,SP0055,2026-02-19,20,6,14,mo_ban
LKD000845,SP0055,2026-02-22,20,3,17,mo_ban
LKD000846,SP0055,2026-02-25,20,0,20,mo_ban
LKD000847,SP0055,2026-02-28,20,10,10,mo_ban
LKD000848,SP0055,2026-03-03,20,16,4,mo_ban
LKD000849,SP0056,2026-01-05,4,2,2,mo_ban
LKD000850,SP0056,2026-01-10,4,3,1,mo_ban
LKD000851,SP0056,2026-01-15,4,1,3,mo_ban
LKD000852,SP0056,2026-01-20,4,3,1,mo_ban
LKD000853,SP0056,2026-01-25,4,0,4,mo_ban
LKD000854,SP0056,2026-01-30,4,2,2,mo_ban
LKD000855,SP0056,2026-02-04,4,3,1,mo_ban
LKD000856,SP0056,2026-02-09,4,4,0,het_cho
LKD000857,SP0056,2026-02-14,4,4,0,het_cho
LKD000858,SP0056,2026-02-19,4,0,4,mo_ban
LKD000859,SP0056,2026-02-24,4,1,3,mo_ban
LKD000860,SP0056,2026-03-01,4,0,4,mo_ban
LKD000861,SP0057,2026-01-05,15,0,15,mo_ban
LKD000862,SP0057,2026-01-08,15,13,2,mo_ban
LKD000863,SP0057,2026-01-11,15,9,6,mo_ban
LKD000864,SP0057,2026-01-14,15,7,8,mo_ban
LKD000865,SP0057,2026-01-17,15,1,14,mo_ban
LKD000866,SP0057,2026-01-20,15,11,4,mo_ban
LKD000867,SP0057,2026-01-23,15,14,1,mo_ban
LKD000868,SP0057,2026-01-26,15,11,4,mo_ban
LKD000869,SP0057,2026-01-29,15,6,9,mo_ban
LKD000870,SP0057,2026-02-01,15,14,1,mo_ban
LKD000871,SP0057,2026-02-04,15,3,12,mo_ban
LKD000872,SP0057,2026-02-07,15,3,12,mo_ban
LKD000873,SP0057,2026-02-10,15,8,7,mo_ban
LKD000874,SP0057,2026-02-13,15,4,11,mo_ban
LKD000875,SP0057,2026-02-16,15,5,10,mo_ban
LKD000876,SP0057,2026-02-19,15,6,9,mo_ban
LKD000877,SP0057,2026-02-22,15,6,9,mo_ban
LKD000878,SP0057,2026-02-25,15,14,1,mo_ban
LKD000879,SP0057,2026-02-28,15,4,11,mo_ban
LKD000880,SP0057,2026-03-03,15,6,9,mo_ban
LKD000881,SP0058,2026-01-05,16,16,0,het_cho
LKD000882,SP0058,2026-01-09,16,10,6,mo_ban
LKD000883,SP0058,2026-01-13,16,14,2,mo_ban
LKD000884,SP0058,2026-01-17,16,7,9,mo_ban
LKD000885,SP0058,2026-01-21,16,1,15,mo_ban
LKD000886,SP0058,2026-01-25,16,2,14,mo_ban
LKD000887,SP0058,2026-01-29,16,13,3,mo_ban
LKD000888,SP0058,2026-02-02,16,3,13,mo_ban
LKD000889,SP0058,2026-02-06,16,3,13,mo_ban
LKD000890,SP0058,2026-02-10,16,0,16,mo_ban
LKD000891,SP0058,2026-02-14,16,12,4,mo_ban
LKD000892,SP0058,2026-02-18,16,0,16,mo_ban
LKD000893,SP0058,2026-02-22,16,14,2,mo_ban
LKD000894,SP0058,2026-02-26,16,3,13,mo_ban
LKD000895,SP0058,2026-03-02,16,2,14,mo_ban
LKD000896,SP0059,2026-01-05,6,1,5,mo_ban
LKD000897,SP0059,2026-01-09,6,1,5,mo_ban
LKD000898,SP0059,2026-01-13,6,3,3,mo_ban
LKD000899,SP0059,2026-01-17,6,1,5,mo_ban
LKD000900,SP0059,2026-01-21,6,3,3,mo_ban
LKD000901,SP0059,2026-01-25,6,6,0,het_cho
LKD000902,SP0059,2026-01-29,6,2,4,mo_ban
LKD000903,SP0059,2026-02-02,6,3,3,mo_ban
LKD000904,SP0059,2026-02-06,6,1,5,mo_ban
LKD000905,SP0059,2026-02-10,6,0,6,mo_ban
LKD000906,SP0059,2026-02-14,6,0,6,mo_ban
LKD000907,SP0059,2026-02-18,6,5,1,mo_ban
LKD000908,SP0059,2026-02-22,6,3,3,mo_ban
LKD000909,SP0059,2026-02-26,6,3,3,mo_ban
LKD000910,SP0059,2026-03-02,6,6,0,het_cho
LKD000911,SP0060,2026-01-05,10,5,5,mo_ban
LKD000912,SP0060,2026-01-09,10,1,9,mo_ban
LKD000913,SP0060,2026-01-13,10,8,2,mo_ban
LKD000914,SP0060,2026-01-17,10,3,7,mo_ban
LKD000915,SP0060,2026-01-21,10,0,10,mo_ban
LKD000916,SP0060,2026-01-25,10,5,5,mo_ban
LKD000917,SP0060,2026-01-29,10,10,0,het_cho
LKD000918,SP0060,2026-02-02,10,3,7,mo_ban
LKD000919,SP0060,2026-02-06,10,0,10,mo_ban
LKD000920,SP0060,2026-02-10,10,0,10,mo_ban
LKD000921,SP0060,2026-02-14,10,0,10,mo_ban
LKD000922,SP0060,2026-02-18,10,9,1,mo_ban
LKD000923,SP0060,2026-02-22,10,3,7,mo_ban
LKD000924,SP0060,2026-02-26,10,9,1,mo_ban
LKD000925,SP0060,2026-03-02,10,2,8,mo_ban
LKD000926,SP0061,2026-01-05,100,53,47,mo_ban
LKD000927,SP0061,2026-01-09,100,35,65,mo_ban
LKD000928,SP0061,2026-01-13,100,27,73,mo_ban
LKD000929,SP0061,2026-01-17,100,59,41,mo_ban
LKD000930,SP0061,2026-01-21,100,85,15,mo_ban
LKD000931,SP0061,2026-01-25,100,15,85,mo_ban
LKD000932,SP0061,2026-01-29,100,95,5,mo_ban
LKD000933,SP0061,2026-02-02,100,1,99,mo_ban
LKD000934,SP0061,2026-02-06,100,85,15,mo_ban
LKD000935,SP0061,2026-02-10,100,41,59,mo_ban
LKD000936,SP0061,2026-02-14,100,34,66,mo_ban
LKD000937,SP0061,2026-02-18,100,46,54,mo_ban
LKD000938,SP0061,2026-02-22,100,85,15,mo_ban
LKD000939,SP0061,2026-02-26,100,30,70,mo_ban
LKD000940,SP0061,2026-03-02,100,24,76,mo_ban
LKD000941,SP0062,2026-01-05,2,0,2,mo_ban
LKD000942,SP0062,2026-01-09,2,0,2,mo_ban
LKD000943,SP0062,2026-01-13,2,2,0,het_cho
LKD000944,SP0062,2026-01-17,2,1,1,mo_ban
LKD000945,SP0062,2026-01-21,2,1,1,mo_ban
LKD000946,SP0062,2026-01-25,2,0,2,mo_ban
LKD000947,SP0062,2026-01-29,2,2,0,het_cho
LKD000948,SP0062,2026-02-02,2,1,1,mo_ban
LKD000949,SP0062,2026-02-06,2,1,1,mo_ban
LKD000950,SP0062,2026-02-10,2,2,0,het_cho
LKD000951,SP0062,2026-02-14,2,1,1,mo_ban
LKD000952,SP0062,2026-02-18,2,0,2,mo_ban
LKD000953,SP0062,2026-02-22,2,2,0,het_cho
LKD000954,SP0062,2026-02-26,2,1,1,mo_ban
LKD000955,SP0062,2026-03-02,2,1,1,mo_ban
LKD000956,SP0063,2026-01-05,200,131,69,mo_ban
LKD000957,SP0063,2026-01-10,200,128,72,mo_ban
LKD000958,SP0063,2026-01-15,200,135,65,mo_ban
LKD000959,SP0063,2026-01-20,200,197,3,mo_ban
LKD000960,SP0063,2026-01-25,200,141,59,mo_ban
LKD000961,SP0063,2026-01-30,200,72,128,mo_ban
LKD000962,SP0063,2026-02-04,200,35,165,mo_ban
LKD000963,SP0063,2026-02-09,200,141,59,mo_ban
LKD000964,SP0063,2026-02-14,200,68,132,mo_ban
LKD000965,SP0063,2026-02-19,200,37,163,mo_ban
LKD000966,SP0063,2026-02-24,200,6,194,mo_ban
LKD000967,SP0063,2026-03-01,200,146,54,mo_ban
LKD000968,SP0064,2026-01-05,4,3,1,mo_ban
LKD000969,SP0064,2026-01-10,4,4,0,het_cho
LKD000970,SP0064,2026-01-15,4,3,1,mo_ban
LKD000971,SP0064,2026-01-20,4,0,4,mo_ban
LKD000972,SP0064,2026-01-25,4,3,1,mo_ban
LKD000973,SP0064,2026-01-30,4,0,4,mo_ban
LKD000974,SP0064,2026-02-04,4,1,3,mo_ban
LKD000975,SP0064,2026-02-09,4,2,2,mo_ban
LKD000976,SP0064,2026-02-14,4,2,2,mo_ban
LKD000977,SP0064,2026-02-19,4,1,3,mo_ban
LKD000978,SP0064,2026-02-24,4,2,2,mo_ban
LKD000979,SP0064,2026-03-01,4,3,1,mo_ban
LKD000980,SP0065,2026-01-05,100,89,11,mo_ban
LKD000981,SP0065,2026-01-10,100,34,66,mo_ban
LKD000982,SP0065,2026-01-15,100,89,11,mo_ban
LKD000983,SP0065,2026-01-20,100,86,14,mo_ban
LKD000984,SP0065,2026-01-25,100,87,13,mo_ban
LKD000985,SP0065,2026-01-30,100,33,67,mo_ban
LKD000986,SP0065,2026-02-04,100,64,36,mo_ban
LKD000987,SP0065,2026-02-09,100,49,51,mo_ban
LKD000988,SP0065,2026-02-14,100,55,45,mo_ban
LKD000989,SP0065,2026-02-19,100,59,41,mo_ban
LKD000990,SP0065,2026-02-24,100,61,39,mo_ban
LKD000991,SP0065,2026-03-01,100,1,99,mo_ban
LKD000992,SP0066,2026-01-05,16,14,2,mo_ban
LKD000993,SP0066,2026-01-09,16,16,0,het_cho
LKD000994,SP0066,2026-01-13,16,12,4,mo_ban
LKD000995,SP0066,2026-01-17,16,10,6,mo_ban
LKD000996,SP0066,2026-01-21,16,7,9,mo_ban
LKD000997,SP0066,2026-01-25,16,9,7,mo_ban
LKD000998,SP0066,2026-01-29,16,11,5,mo_ban
LKD000999,SP0066,2026-02-02,16,13,3,mo_ban
LKD001000,SP0066,2026-02-06,16,2,14,mo_ban
LKD001001,SP0066,2026-02-10,16,10,6,mo_ban
LKD001002,SP0066,2026-02-14,16,1,15,mo_ban
LKD001003,SP0066,2026-02-18,16,4,12,mo_ban
LKD001004,SP0066,2026-02-22,16,4,12,mo_ban
LKD001005,SP0066,2026-02-26,16,15,1,mo_ban
LKD001006,SP0066,2026-03-02,16,12,4,mo_ban
LKD001007,SP0067,2026-01-05,100,96,4,mo_ban
LKD001008,SP0067,2026-01-08,100,29,71,mo_ban
LKD001009,SP0067,2026-01-11,100,88,12,mo_ban
LKD001010,SP0067,2026-01-14,100,32,68,mo_ban
LKD001011,SP0067,2026-01-17,100,47,53,mo_ban
LKD001012,SP0067,2026-01-20,100,42,58,mo_ban
LKD001013,SP0067,2026-01-23,100,28,72,mo_ban
LKD001014,SP0067,2026-01-26,100,42,58,mo_ban
LKD001015,SP0067,2026-01-29,100,40,60,mo_ban
LKD001016,SP0067,2026-02-01,100,21,79,mo_ban
LKD001017,SP0067,2026-02-04,100,86,14,mo_ban
LKD001018,SP0067,2026-02-07,100,5,95,mo_ban
LKD001019,SP0067,2026-02-10,100,52,48,mo_ban
LKD001020,SP0067,2026-02-13,100,79,21,mo_ban
LKD001021,SP0067,2026-02-16,100,69,31,mo_ban
LKD001022,SP0067,2026-02-19,100,9,91,mo_ban
LKD001023,SP0067,2026-02-22,100,46,54,mo_ban
LKD001024,SP0067,2026-02-25,100,38,62,mo_ban
LKD001025,SP0067,2026-02-28,100,42,58,mo_ban
LKD001026,SP0067,2026-03-03,100,75,25,mo_ban
LKD001027,SP0068,2026-01-05,12,7,5,mo_ban
LKD001028,SP0068,2026-01-09,12,4,8,mo_ban
LKD001029,SP0068,2026-01-13,12,0,12,mo_ban
LKD001030,SP0068,2026-01-17,12,4,8,mo_ban
LKD001031,SP0068,2026-01-21,12,11,1,mo_ban
LKD001032,SP0068,2026-01-25,12,3,9,mo_ban
LKD001033,SP0068,2026-01-29,12,6,6,mo_ban
LKD001034,SP0068,2026-02-02,12,6,6,mo_ban
LKD001035,SP0068,2026-02-06,12,6,6,mo_ban
LKD001036,SP0068,2026-02-10,12,4,8,mo_ban
LKD001037,SP0068,2026-02-14,12,11,1,mo_ban
LKD001038,SP0068,2026-02-18,12,10,2,mo_ban
LKD001039,SP0068,2026-02-22,12,8,4,mo_ban
LKD001040,SP0068,2026-02-26,12,6,6,mo_ban
LKD001041,SP0068,2026-03-02,12,10,2,mo_ban
LKD001042,SP0069,2026-01-05,16,13,3,mo_ban
LKD001043,SP0069,2026-01-09,16,10,6,mo_ban
LKD001044,SP0069,2026-01-13,16,16,0,het_cho
LKD001045,SP0069,2026-01-17,16,10,6,mo_ban
LKD001046,SP0069,2026-01-21,16,12,4,mo_ban
LKD001047,SP0069,2026-01-25,16,4,12,mo_ban
LKD001048,SP0069,2026-01-29,16,6,10,mo_ban
LKD001049,SP0069,2026-02-02,16,4,12,mo_ban
LKD001050,SP0069,2026-02-06,16,0,16,mo_ban
LKD001051,SP0069,2026-02-10,16,9,7,mo_ban
LKD001052,SP0069,2026-02-14,16,2,14,mo_ban
LKD001053,SP0069,2026-02-18,16,5,11,mo_ban
LKD001054,SP0069,2026-02-22,16,4,12,mo_ban
LKD001055,SP0069,2026-02-26,16,3,13,mo_ban
LKD001056,SP0069,2026-03-02,16,16,0,het_cho
LKD001057,SP0070,2026-01-05,400,139,261,mo_ban
LKD001058,SP0070,2026-01-08,400,396,4,mo_ban
LKD001059,SP0070,2026-01-11,400,74,326,mo_ban
LKD001060,SP0070,2026-01-14,400,271,129,mo_ban
LKD001061,SP0070,2026-01-17,400,275,125,mo_ban
LKD001062,SP0070,2026-01-20,400,251,149,mo_ban
LKD001063,SP0070,2026-01-23,400,51,349,mo_ban
LKD001064,SP0070,2026-01-26,400,391,9,mo_ban
LKD001065,SP0070,2026-01-29,400,43,357,mo_ban
LKD001066,SP0070,2026-02-01,400,141,259,mo_ban
LKD001067,SP0070,2026-02-04,400,206,194,mo_ban
LKD001068,SP0070,2026-02-07,400,86,314,mo_ban
LKD001069,SP0070,2026-02-10,400,76,324,mo_ban
LKD001070,SP0070,2026-02-13,400,56,344,mo_ban
LKD001071,SP0070,2026-02-16,400,289,111,mo_ban
LKD001072,SP0070,2026-02-19,400,241,159,mo_ban
LKD001073,SP0070,2026-02-22,400,65,335,mo_ban
LKD001074,SP0070,2026-02-25,400,230,170,mo_ban
LKD001075,SP0070,2026-02-28,400,281,119,mo_ban
LKD001076,SP0070,2026-03-03,400,374,26,mo_ban
LKD001077,SP0071,2026-01-05,4,2,2,mo_ban
LKD001078,SP0071,2026-01-10,4,0,4,mo_ban
LKD001079,SP0071,2026-01-15,4,0,4,mo_ban
LKD001080,SP0071,2026-01-20,4,3,1,mo_ban
LKD001081,SP0071,2026-01-25,4,3,1,mo_ban
LKD001082,SP0071,2026-01-30,4,0,4,mo_ban
LKD001083,SP0071,2026-02-04,4,4,0,het_cho
LKD001084,SP0071,2026-02-09,4,4,0,het_cho
LKD001085,SP0071,2026-02-14,4,0,4,mo_ban
LKD001086,SP0071,2026-02-19,4,1,3,mo_ban
LKD001087,SP0071,2026-02-24,4,1,3,mo_ban
LKD001088,SP0071,2026-03-01,4,1,3,mo_ban
LKD001089,SP0072,2026-01-05,16,11,5,mo_ban
LKD001090,SP0072,2026-01-10,16,11,5,mo_ban
LKD001091,SP0072,2026-01-15,16,15,1,mo_ban
LKD001092,SP0072,2026-01-20,16,10,6,mo_ban
LKD001093,SP0072,2026-01-25,16,6,10,mo_ban
LKD001094,SP0072,2026-01-30,16,0,16,mo_ban
LKD001095,SP0072,2026-02-04,16,1,15,mo_ban
LKD001096,SP0072,2026-02-09,16,8,8,mo_ban
LKD001097,SP0072,2026-02-14,16,1,15,mo_ban
LKD001098,SP0072,2026-02-19,16,1,15,mo_ban
LKD001099,SP0072,2026-02-24,16,7,9,mo_ban
LKD001100,SP0072,2026-03-01,16,7,9,mo_ban
LKD001101,SP0073,2026-01-05,2,2,0,het_cho
LKD001102,SP0073,2026-01-08,2,1,1,mo_ban
LKD001103,SP0073,2026-01-11,2,1,1,mo_ban
LKD001104,SP0073,2026-01-14,2,1,1,mo_ban
LKD001105,SP0073,2026-01-17,2,0,2,mo_ban
LKD001106,SP0073,2026-01-20,2,0,2,mo_ban
LKD001107,SP0073,2026-01-23,2,2,0,het_cho
LKD001108,SP0073,2026-01-26,2,0,2,mo_ban
LKD001109,SP0073,2026-01-29,2,2,0,het_cho
LKD001110,SP0073,2026-02-01,2,2,0,het_cho
LKD001111,SP0073,2026-02-04,2,1,1,mo_ban
LKD001112,SP0073,2026-02-07,2,2,0,het_cho
LKD001113,SP0073,2026-02-10,2,0,2,mo_ban
LKD001114,SP0073,2026-02-13,2,2,0,het_cho
LKD001115,SP0073,2026-02-16,2,1,1,mo_ban
LKD001116,SP0073,2026-02-19,2,2,0,het_cho
LKD001117,SP0073,2026-02-22,2,1,1,mo_ban
LKD001118,SP0073,2026-02-25,2,2,0,het_cho
LKD001119,SP0073,2026-02-28,2,0,2,mo_ban
LKD001120,SP0073,2026-03-03,2,1,1,mo_ban
LKD001121,SP0074,2026-01-05,25,1,24,mo_ban
LKD001122,SP0074,2026-01-08,25,11,14,mo_ban
LKD001123,SP0074,2026-01-11,25,9,16,mo_ban
LKD001124,SP0074,2026-01-14,25,22,3,mo_ban
LKD001125,SP0074,2026-01-17,25,0,25,mo_ban
LKD001126,SP0074,2026-01-20,25,6,19,mo_ban
LKD001127,SP0074,2026-01-23,25,9,16,mo_ban
LKD001128,SP0074,2026-01-26,25,14,11,mo_ban
LKD001129,SP0074,2026-01-29,25,17,8,mo_ban
LKD001130,SP0074,2026-02-01,25,3,22,mo_ban
LKD001131,SP0074,2026-02-04,25,20,5,mo_ban
LKD001132,SP0074,2026-02-07,25,23,2,mo_ban
LKD001133,SP0074,2026-02-10,25,18,7,mo_ban
LKD001134,SP0074,2026-02-13,25,18,7,mo_ban
LKD001135,SP0074,2026-02-16,25,12,13,mo_ban
LKD001136,SP0074,2026-02-19,25,21,4,mo_ban
LKD001137,SP0074,2026-02-22,25,14,11,mo_ban
LKD001138,SP0074,2026-02-25,25,3,22,mo_ban
LKD001139,SP0074,2026-02-28,25,12,13,mo_ban
LKD001140,SP0074,2026-03-03,25,7,18,mo_ban
LKD001141,SP0075,2026-01-05,10,2,8,mo_ban
LKD001142,SP0075,2026-01-08,10,2,8,mo_ban
LKD001143,SP0075,2026-01-11,10,7,3,mo_ban
LKD001144,SP0075,2026-01-14,10,4,6,mo_ban
LKD001145,SP0075,2026-01-17,10,2,8,mo_ban
LKD001146,SP0075,2026-01-20,10,0,10,mo_ban
LKD001147,SP0075,2026-01-23,10,6,4,mo_ban
LKD001148,SP0075,2026-01-26,10,9,1,mo_ban
LKD001149,SP0075,2026-01-29,10,0,10,mo_ban
LKD001150,SP0075,2026-02-01,10,3,7,mo_ban
LKD001151,SP0075,2026-02-04,10,4,6,mo_ban
LKD001152,SP0075,2026-02-07,10,3,7,mo_ban
LKD001153,SP0075,2026-02-10,10,0,10,mo_ban
LKD001154,SP0075,2026-02-13,10,8,2,mo_ban
LKD001155,SP0075,2026-02-16,10,9,1,mo_ban
LKD001156,SP0075,2026-02-19,10,2,8,mo_ban
LKD001157,SP0075,2026-02-22,10,6,4,mo_ban
LKD001158,SP0075,2026-02-25,10,6,4,mo_ban
LKD001159,SP0075,2026-02-28,10,8,2,mo_ban
LKD001160,SP0075,2026-03-03,10,8,2,mo_ban
LKD001161,SP0076,2026-01-05,2,0,2,mo_ban
LKD001162,SP0076,2026-01-10,2,0,2,mo_ban
LKD001163,SP0076,2026-01-15,2,0,2,mo_ban
LKD001164,SP0076,2026-01-20,2,1,1,mo_ban
LKD001165,SP0076,2026-01-25,2,1,1,mo_ban
LKD001166,SP0076,2026-01-30,2,2,0,het_cho
LKD001167,SP0076,2026-02-04,2,2,0,het_cho
LKD001168,SP0076,2026-02-09,2,0,2,mo_ban
LKD001169,SP0076,2026-02-14,2,0,2,mo_ban
LKD001170,SP0076,2026-02-19,2,0,2,mo_ban
LKD001171,SP0076,2026-02-24,2,2,0,het_cho
LKD001172,SP0076,2026-03-01,2,1,1,mo_ban
LKD001173,SP0077,2026-01-05,15,11,4,mo_ban
LKD001174,SP0077,2026-01-09,15,15,0,het_cho
LKD001175,SP0077,2026-01-13,15,9,6,mo_ban
LKD001176,SP0077,2026-01-17,15,1,14,mo_ban
LKD001177,SP0077,2026-01-21,15,7,8,mo_ban
LKD001178,SP0077,2026-01-25,15,2,13,mo_ban
LKD001179,SP0077,2026-01-29,15,8,7,mo_ban
LKD001180,SP0077,2026-02-02,15,7,8,mo_ban
LKD001181,SP0077,2026-02-06,15,7,8,mo_ban
LKD001182,SP0077,2026-02-10,15,10,5,mo_ban
LKD001183,SP0077,2026-02-14,15,7,8,mo_ban
LKD001184,SP0077,2026-02-18,15,3,12,mo_ban
LKD001185,SP0077,2026-02-22,15,10,5,mo_ban
LKD001186,SP0077,2026-02-26,15,6,9,mo_ban
LKD001187,SP0077,2026-03-02,15,12,3,mo_ban
LKD001188,SP0078,2026-01-05,12,8,4,mo_ban
LKD001189,SP0078,2026-01-08,12,1,11,mo_ban
LKD001190,SP0078,2026-01-11,12,9,3,mo_ban
LKD001191,SP0078,2026-01-14,12,5,7,mo_ban
LKD001192,SP0078,2026-01-17,12,4,8,mo_ban
LKD001193,SP0078,2026-01-20,12,6,6,mo_ban
LKD001194,SP0078,2026-01-23,12,4,8,mo_ban
LKD001195,SP0078,2026-01-26,12,9,3,mo_ban
LKD001196,SP0078,2026-01-29,12,7,5,mo_ban
LKD001197,SP0078,2026-02-01,12,12,0,het_cho
LKD001198,SP0078,2026-02-04,12,2,10,mo_ban
LKD001199,SP0078,2026-02-07,12,1,11,mo_ban
LKD001200,SP0078,2026-02-10,12,9,3,mo_ban
LKD001201,SP0078,2026-02-13,12,11,1,mo_ban
LKD001202,SP0078,2026-02-16,12,10,2,mo_ban
LKD001203,SP0078,2026-02-19,12,10,2,mo_ban
LKD001204,SP0078,2026-02-22,12,0,12,mo_ban
LKD001205,SP0078,2026-02-25,12,7,5,mo_ban
LKD001206,SP0078,2026-02-28,12,7,5,mo_ban
LKD001207,SP0078,2026-03-03,12,11,1,mo_ban
LKD001208,SP0079,2026-01-05,16,14,2,mo_ban
LKD001209,SP0079,2026-01-09,16,11,5,mo_ban
LKD001210,SP0079,2026-01-13,16,12,4,mo_ban
LKD001211,SP0079,2026-01-17,16,2,14,mo_ban
LKD001212,SP0079,2026-01-21,16,1,15,mo_ban
LKD001213,SP0079,2026-01-25,16,14,2,mo_ban
LKD001214,SP0079,2026-01-29,16,10,6,mo_ban
LKD001215,SP0079,2026-02-02,16,7,9,mo_ban
LKD001216,SP0079,2026-02-06,16,4,12,mo_ban
LKD001217,SP0079,2026-02-10,16,5,11,mo_ban
LKD001218,SP0079,2026-02-14,16,4,12,mo_ban
LKD001219,SP0079,2026-02-18,16,1,15,mo_ban
LKD001220,SP0079,2026-02-22,16,14,2,mo_ban
LKD001221,SP0079,2026-02-26,16,2,14,mo_ban
LKD001222,SP0079,2026-03-02,16,14,2,mo_ban
LKD001223,SP0080,2026-01-05,6,0,6,mo_ban
LKD001224,SP0080,2026-01-08,6,1,5,mo_ban
LKD001225,SP0080,2026-01-11,6,4,2,mo_ban
LKD001226,SP0080,2026-01-14,6,5,1,mo_ban
LKD001227,SP0080,2026-01-17,6,5,1,mo_ban
LKD001228,SP0080,2026-01-20,6,3,3,mo_ban
LKD001229,SP0080,2026-01-23,6,4,2,mo_ban
LKD001230,SP0080,2026-01-26,6,2,4,mo_ban
LKD001231,SP0080,2026-01-29,6,5,1,mo_ban
LKD001232,SP0080,2026-02-01,6,6,0,het_cho
LKD001233,SP0080,2026-02-04,6,6,0,het_cho
LKD001234,SP0080,2026-02-07,6,4,2,mo_ban
LKD001235,SP0080,2026-02-10,6,2,4,mo_ban
LKD001236,SP0080,2026-02-13,6,5,1,mo_ban
LKD001237,SP0080,2026-02-16,6,6,0,het_cho
LKD001238,SP0080,2026-02-19,6,0,6,mo_ban
LKD001239,SP0080,2026-02-22,6,0,6,mo_ban
LKD001240,SP0080,2026-02-25,6,1,5,mo_ban
LKD001241,SP0080,2026-02-28,6,4,2,mo_ban
LKD001242,SP0080,2026-03-03,6,5,1,mo_ban
LKD001243,SP0081,2026-01-05,200,134,66,mo_ban
LKD001244,SP0081,2026-01-08,200,125,75,mo_ban
LKD001245,SP0081,2026-01-11,200,143,57,mo_ban
LKD001246,SP0081,2026-01-14,200,48,152,mo_ban
LKD001247,SP0081,2026-01-17,200,66,134,mo_ban
LKD001248,SP0081,2026-01-20,200,123,77,mo_ban
LKD001249,SP0081,2026-01-23,200,131,69,mo_ban
LKD001250,SP0081,2026-01-26,200,45,155,mo_ban
LKD001251,SP0081,2026-01-29,200,21,179,mo_ban
LKD001252,SP0081,2026-02-01,200,184,16,mo_ban
LKD001253,SP0081,2026-02-04,200,153,47,mo_ban
LKD001254,SP0081,2026-02-07,200,123,77,mo_ban
LKD001255,SP0081,2026-02-10,200,79,121,mo_ban
LKD001256,SP0081,2026-02-13,200,159,41,mo_ban
LKD001257,SP0081,2026-02-16,200,157,43,mo_ban
LKD001258,SP0081,2026-02-19,200,199,1,mo_ban
LKD001259,SP0081,2026-02-22,200,99,101,mo_ban
LKD001260,SP0081,2026-02-25,200,147,53,mo_ban
LKD001261,SP0081,2026-02-28,200,138,62,mo_ban
LKD001262,SP0081,2026-03-03,200,187,13,mo_ban
LKD001263,SP0082,2026-01-05,10,2,8,mo_ban
LKD001264,SP0082,2026-01-09,10,1,9,mo_ban
LKD001265,SP0082,2026-01-13,10,10,0,het_cho
LKD001266,SP0082,2026-01-17,10,6,4,mo_ban
LKD001267,SP0082,2026-01-21,10,1,9,mo_ban
LKD001268,SP0082,2026-01-25,10,0,10,mo_ban
LKD001269,SP0082,2026-01-29,10,10,0,het_cho
LKD001270,SP0082,2026-02-02,10,5,5,mo_ban
LKD001271,SP0082,2026-02-06,10,4,6,mo_ban
LKD001272,SP0082,2026-02-10,10,8,2,mo_ban
LKD001273,SP0082,2026-02-14,10,1,9,mo_ban
LKD001274,SP0082,2026-02-18,10,3,7,mo_ban
LKD001275,SP0082,2026-02-22,10,5,5,mo_ban
LKD001276,SP0082,2026-02-26,10,10,0,het_cho
LKD001277,SP0082,2026-03-02,10,4,6,mo_ban
LKD001278,SP0083,2026-01-05,4,4,0,het_cho
LKD001279,SP0083,2026-01-10,4,2,2,mo_ban
LKD001280,SP0083,2026-01-15,4,1,3,mo_ban
LKD001281,SP0083,2026-01-20,4,1,3,mo_ban
LKD001282,SP0083,2026-01-25,4,4,0,het_cho
LKD001283,SP0083,2026-01-30,4,0,4,mo_ban
LKD001284,SP0083,2026-02-04,4,4,0,het_cho
LKD001285,SP0083,2026-02-09,4,4,0,het_cho
LKD001286,SP0083,2026-02-14,4,1,3,mo_ban
LKD001287,SP0083,2026-02-19,4,0,4,mo_ban
LKD001288,SP0083,2026-02-24,4,1,3,mo_ban
LKD001289,SP0083,2026-03-01,4,4,0,het_cho
LKD001290,SP0084,2026-01-05,20,5,15,mo_ban
LKD001291,SP0084,2026-01-09,20,19,1,mo_ban
LKD001292,SP0084,2026-01-13,20,2,18,mo_ban
LKD001293,SP0084,2026-01-17,20,3,17,mo_ban
LKD001294,SP0084,2026-01-21,20,1,19,mo_ban
LKD001295,SP0084,2026-01-25,20,2,18,mo_ban
LKD001296,SP0084,2026-01-29,20,14,6,mo_ban
LKD001297,SP0084,2026-02-02,20,18,2,mo_ban
LKD001298,SP0084,2026-02-06,20,8,12,mo_ban
LKD001299,SP0084,2026-02-10,20,5,15,mo_ban
LKD001300,SP0084,2026-02-14,20,11,9,mo_ban
LKD001301,SP0084,2026-02-18,20,9,11,mo_ban
LKD001302,SP0084,2026-02-22,20,8,12,mo_ban
LKD001303,SP0084,2026-02-26,20,9,11,mo_ban
LKD001304,SP0084,2026-03-02,20,15,5,mo_ban
LKD001305,SP0085,2026-01-05,45,38,7,mo_ban
LKD001306,SP0085,2026-01-08,45,18,27,mo_ban
LKD001307,SP0085,2026-01-11,45,2,43,mo_ban
LKD001308,SP0085,2026-01-14,45,8,37,mo_ban
LKD001309,SP0085,2026-01-17,45,19,26,mo_ban
LKD001310,SP0085,2026-01-20,45,44,1,mo_ban
LKD001311,SP0085,2026-01-23,45,14,31,mo_ban
LKD001312,SP0085,2026-01-26,45,25,20,mo_ban
LKD001313,SP0085,2026-01-29,45,4,41,mo_ban
LKD001314,SP0085,2026-02-01,45,16,29,mo_ban
LKD001315,SP0085,2026-02-04,45,43,2,mo_ban
LKD001316,SP0085,2026-02-07,45,24,21,mo_ban
LKD001317,SP0085,2026-02-10,45,35,10,mo_ban
LKD001318,SP0085,2026-02-13,45,7,38,mo_ban
LKD001319,SP0085,2026-02-16,45,42,3,mo_ban
LKD001320,SP0085,2026-02-19,45,37,8,mo_ban
LKD001321,SP0085,2026-02-22,45,6,39,mo_ban
LKD001322,SP0085,2026-02-25,45,36,9,mo_ban
LKD001323,SP0085,2026-02-28,45,45,0,het_cho
LKD001324,SP0085,2026-03-03,45,32,13,mo_ban
LKD001325,SP0086,2026-01-05,20,19,1,mo_ban
LKD001326,SP0086,2026-01-08,20,9,11,mo_ban
LKD001327,SP0086,2026-01-11,20,19,1,mo_ban
LKD001328,SP0086,2026-01-14,20,5,15,mo_ban
LKD001329,SP0086,2026-01-17,20,19,1,mo_ban
LKD001330,SP0086,2026-01-20,20,17,3,mo_ban
LKD001331,SP0086,2026-01-23,20,3,17,mo_ban
LKD001332,SP0086,2026-01-26,20,4,16,mo_ban
LKD001333,SP0086,2026-01-29,20,14,6,mo_ban
LKD001334,SP0086,2026-02-01,20,19,1,mo_ban
LKD001335,SP0086,2026-02-04,20,10,10,mo_ban
LKD001336,SP0086,2026-02-07,20,19,1,mo_ban
LKD001337,SP0086,2026-02-10,20,0,20,mo_ban
LKD001338,SP0086,2026-02-13,20,11,9,mo_ban
LKD001339,SP0086,2026-02-16,20,14,6,mo_ban
LKD001340,SP0086,2026-02-19,20,9,11,mo_ban
LKD001341,SP0086,2026-02-22,20,16,4,mo_ban
LKD001342,SP0086,2026-02-25,20,19,1,mo_ban
LKD001343,SP0086,2026-02-28,20,20,0,het_cho
LKD001344,SP0086,2026-03-03,20,19,1,mo_ban
LKD001345,SP0087,2026-01-05,4,2,2,mo_ban
LKD001346,SP0087,2026-01-08,4,3,1,mo_ban
LKD001347,SP0087,2026-01-11,4,1,3,mo_ban
LKD001348,SP0087,2026-01-14,4,3,1,mo_ban
LKD001349,SP0087,2026-01-17,4,2,2,mo_ban
LKD001350,SP0087,2026-01-20,4,3,1,mo_ban
LKD001351,SP0087,2026-01-23,4,0,4,mo_ban
LKD001352,SP0087,2026-01-26,4,0,4,mo_ban
LKD001353,SP0087,2026-01-29,4,4,0,het_cho
LKD001354,SP0087,2026-02-01,4,0,4,mo_ban
LKD001355,SP0087,2026-02-04,4,4,0,het_cho
LKD001356,SP0087,2026-02-07,4,0,4,mo_ban
LKD001357,SP0087,2026-02-10,4,2,2,mo_ban
LKD001358,SP0087,2026-02-13,4,0,4,mo_ban
LKD001359,SP0087,2026-02-16,4,1,3,mo_ban
LKD001360,SP0087,2026-02-19,4,4,0,het_cho
LKD001361,SP0087,2026-02-22,4,0,4,mo_ban
LKD001362,SP0087,2026-02-25,4,2,2,mo_ban
LKD001363,SP0087,2026-02-28,4,3,1,mo_ban
LKD001364,SP0087,2026-03-03,4,2,2,mo_ban
LKD001365,SP0088,2026-01-05,2,2,0,het_cho
LKD001366,SP0088,2026-01-09,2,1,1,mo_ban
LKD001367,SP0088,2026-01-13,2,2,0,het_cho
LKD001368,SP0088,2026-01-17,2,0,2,mo_ban
LKD001369,SP0088,2026-01-21,2,2,0,het_cho
LKD001370,SP0088,2026-01-25,2,0,2,mo_ban
LKD001371,SP0088,2026-01-29,2,0,2,mo_ban
LKD001372,SP0088,2026-02-02,2,2,0,het_cho
LKD001373,SP0088,2026-02-06,2,2,0,het_cho
LKD001374,SP0088,2026-02-10,2,0,2,mo_ban
LKD001375,SP0088,2026-02-14,2,2,0,het_cho
LKD001376,SP0088,2026-02-18,2,0,2,mo_ban
LKD001377,SP0088,2026-02-22,2,1,1,mo_ban
LKD001378,SP0088,2026-02-26,2,2,0,het_cho
LKD001379,SP0088,2026-03-02,2,1,1,mo_ban
LKD001380,SP0089,2026-01-05,16,14,2,mo_ban
LKD001381,SP0089,2026-01-08,16,3,13,mo_ban
LKD001382,SP0089,2026-01-11,16,3,13,mo_ban
LKD001383,SP0089,2026-01-14,16,13,3,mo_ban
LKD001384,SP0089,2026-01-17,16,7,9,mo_ban
LKD001385,SP0089,2026-01-20,16,5,11,mo_ban
LKD001386,SP0089,2026-01-23,16,16,0,het_cho
LKD001387,SP0089,2026-01-26,16,10,6,mo_ban
LKD001388,SP0089,2026-01-29,16,15,1,mo_ban
LKD001389,SP0089,2026-02-01,16,3,13,mo_ban
LKD001390,SP0089,2026-02-04,16,16,0,het_cho
LKD001391,SP0089,2026-02-07,16,6,10,mo_ban
LKD001392,SP0089,2026-02-10,16,0,16,mo_ban
LKD001393,SP0089,2026-02-13,16,7,9,mo_ban
LKD001394,SP0089,2026-02-16,16,16,0,het_cho
LKD001395,SP0089,2026-02-19,16,5,11,mo_ban
LKD001396,SP0089,2026-02-22,16,8,8,mo_ban
LKD001397,SP0089,2026-02-25,16,15,1,mo_ban
LKD001398,SP0089,2026-02-28,16,10,6,mo_ban
LKD001399,SP0089,2026-03-03,16,15,1,mo_ban
LKD001400,SP0090,2026-01-05,15,15,0,het_cho
LKD001401,SP0090,2026-01-09,15,8,7,mo_ban
LKD001402,SP0090,2026-01-13,15,7,8,mo_ban
LKD001403,SP0090,2026-01-17,15,15,0,het_cho
LKD001404,SP0090,2026-01-21,15,3,12,mo_ban
LKD001405,SP0090,2026-01-25,15,10,5,mo_ban
LKD001406,SP0090,2026-01-29,15,1,14,mo_ban
LKD001407,SP0090,2026-02-02,15,4,11,mo_ban
LKD001408,SP0090,2026-02-06,15,13,2,mo_ban
LKD001409,SP0090,2026-02-10,15,15,0,het_cho
LKD001410,SP0090,2026-02-14,15,3,12,mo_ban
LKD001411,SP0090,2026-02-18,15,9,6,mo_ban
LKD001412,SP0090,2026-02-22,15,9,6,mo_ban
LKD001413,SP0090,2026-02-26,15,2,13,mo_ban
LKD001414,SP0090,2026-03-02,15,7,8,mo_ban
LKD001415,SP0091,2026-01-05,20,8,12,mo_ban
LKD001416,SP0091,2026-01-08,20,16,4,mo_ban
LKD001417,SP0091,2026-01-11,20,17,3,mo_ban
LKD001418,SP0091,2026-01-14,20,20,0,het_cho
LKD001419,SP0091,2026-01-17,20,13,7,mo_ban
LKD001420,SP0091,2026-01-20,20,16,4,mo_ban
LKD001421,SP0091,2026-01-23,20,17,3,mo_ban
LKD001422,SP0091,2026-01-26,20,3,17,mo_ban
LKD001423,SP0091,2026-01-29,20,13,7,mo_ban
LKD001424,SP0091,2026-02-01,20,4,16,mo_ban
LKD001425,SP0091,2026-02-04,20,3,17,mo_ban
LKD001426,SP0091,2026-02-07,20,14,6,mo_ban
LKD001427,SP0091,2026-02-10,20,4,16,mo_ban
LKD001428,SP0091,2026-02-13,20,18,2,mo_ban
LKD001429,SP0091,2026-02-16,20,14,6,mo_ban
LKD001430,SP0091,2026-02-19,20,13,7,mo_ban
LKD001431,SP0091,2026-02-22,20,10,10,mo_ban
LKD001432,SP0091,2026-02-25,20,9,11,mo_ban
LKD001433,SP0091,2026-02-28,20,20,0,het_cho
LKD001434,SP0091,2026-03-03,20,3,17,mo_ban
LKD001435,SP0092,2026-01-05,8,3,5,mo_ban
LKD001436,SP0092,2026-01-10,8,6,2,mo_ban
LKD001437,SP0092,2026-01-15,8,5,3,mo_ban
LKD001438,SP0092,2026-01-20,8,6,2,mo_ban
LKD001439,SP0092,2026-01-25,8,7,1,mo_ban
LKD001440,SP0092,2026-01-30,8,5,3,mo_ban
LKD001441,SP0092,2026-02-04,8,1,7,mo_ban
LKD001442,SP0092,2026-02-09,8,2,6,mo_ban
LKD001443,SP0092,2026-02-14,8,7,1,mo_ban
LKD001444,SP0092,2026-02-19,8,8,0,het_cho
LKD001445,SP0092,2026-02-24,8,8,0,het_cho
LKD001446,SP0092,2026-03-01,8,5,3,mo_ban
LKD001447,SP0093,2026-01-05,15,11,4,mo_ban
LKD001448,SP0093,2026-01-10,15,5,10,mo_ban
LKD001449,SP0093,2026-01-15,15,1,14,mo_ban
LKD001450,SP0093,2026-01-20,15,3,12,mo_ban
LKD001451,SP0093,2026-01-25,15,10,5,mo_ban
LKD001452,SP0093,2026-01-30,15,1,14,mo_ban
LKD001453,SP0093,2026-02-04,15,1,14,mo_ban
LKD001454,SP0093,2026-02-09,15,4,11,mo_ban
LKD001455,SP0093,2026-02-14,15,11,4,mo_ban
LKD001456,SP0093,2026-02-19,15,1,14,mo_ban
LKD001457,SP0093,2026-02-24,15,6,9,mo_ban
LKD001458,SP0093,2026-03-01,15,9,6,mo_ban
LKD001459,SP0094,2026-01-05,45,33,12,mo_ban
LKD001460,SP0094,2026-01-10,45,30,15,mo_ban
LKD001461,SP0094,2026-01-15,45,26,19,mo_ban
LKD001462,SP0094,2026-01-20,45,44,1,mo_ban
LKD001463,SP0094,2026-01-25,45,42,3,mo_ban
LKD001464,SP0094,2026-01-30,45,32,13,mo_ban
LKD001465,SP0094,2026-02-04,45,1,44,mo_ban
LKD001466,SP0094,2026-02-09,45,5,40,mo_ban
LKD001467,SP0094,2026-02-14,45,27,18,mo_ban
LKD001468,SP0094,2026-02-19,45,18,27,mo_ban
LKD001469,SP0094,2026-02-24,45,39,6,mo_ban
LKD001470,SP0094,2026-03-01,45,25,20,mo_ban
LKD001471,SP0095,2026-01-05,4,1,3,mo_ban
LKD001472,SP0095,2026-01-08,4,4,0,het_cho
LKD001473,SP0095,2026-01-11,4,1,3,mo_ban
LKD001474,SP0095,2026-01-14,4,2,2,mo_ban
LKD001475,SP0095,2026-01-17,4,2,2,mo_ban
LKD001476,SP0095,2026-01-20,4,4,0,het_cho
LKD001477,SP0095,2026-01-23,4,1,3,mo_ban
LKD001478,SP0095,2026-01-26,4,3,1,mo_ban
LKD001479,SP0095,2026-01-29,4,0,4,mo_ban
LKD001480,SP0095,2026-02-01,4,0,4,mo_ban
LKD001481,SP0095,2026-02-04,4,3,1,mo_ban
LKD001482,SP0095,2026-02-07,4,0,4,mo_ban
LKD001483,SP0095,2026-02-10,4,3,1,mo_ban
LKD001484,SP0095,2026-02-13,4,2,2,mo_ban
LKD001485,SP0095,2026-02-16,4,3,1,mo_ban
LKD001486,SP0095,2026-02-19,4,0,4,mo_ban
LKD001487,SP0095,2026-02-22,4,3,1,mo_ban
LKD001488,SP0095,2026-02-25,4,1,3,mo_ban
LKD001489,SP0095,2026-02-28,4,4,0,het_cho
LKD001490,SP0095,2026-03-03,4,1,3,mo_ban
LKD001491,SP0096,2026-01-05,400,400,0,het_cho
LKD001492,SP0096,2026-01-09,400,387,13,mo_ban
LKD001493,SP0096,2026-01-13,400,56,344,mo_ban
LKD001494,SP0096,2026-01-17,400,166,234,mo_ban
LKD001495,SP0096,2026-01-21,400,343,57,mo_ban
LKD001496,SP0096,2026-01-25,400,355,45,mo_ban
LKD001497,SP0096,2026-01-29,400,73,327,mo_ban
LKD001498,SP0096,2026-02-02,400,288,112,mo_ban
LKD001499,SP0096,2026-02-06,400,127,273,mo_ban
LKD001500,SP0096,2026-02-10,400,170,230,mo_ban
LKD001501,SP0096,2026-02-14,400,390,10,mo_ban
LKD001502,SP0096,2026-02-18,400,287,113,mo_ban
LKD001503,SP0096,2026-02-22,400,384,16,mo_ban
LKD001504,SP0096,2026-02-26,400,147,253,mo_ban
LKD001505,SP0096,2026-03-02,400,96,304,mo_ban
LKD001506,SP0097,2026-01-05,4,2,2,mo_ban
LKD001507,SP0097,2026-01-10,4,1,3,mo_ban
LKD001508,SP0097,2026-01-15,4,2,2,mo_ban
LKD001509,SP0097,2026-01-20,4,3,1,mo_ban
LKD001510,SP0097,2026-01-25,4,4,0,het_cho
LKD001511,SP0097,2026-01-30,4,4,0,het_cho
LKD001512,SP0097,2026-02-04,4,0,4,mo_ban
LKD001513,SP0097,2026-02-09,4,1,3,mo_ban
LKD001514,SP0097,2026-02-14,4,0,4,mo_ban
LKD001515,SP0097,2026-02-19,4,4,0,het_cho
LKD001516,SP0097,2026-02-24,4,2,2,mo_ban
LKD001517,SP0097,2026-03-01,4,1,3,mo_ban
LKD001518,SP0098,2026-01-05,25,0,25,mo_ban
LKD001519,SP0098,2026-01-08,25,1,24,mo_ban
LKD001520,SP0098,2026-01-11,25,9,16,mo_ban
LKD001521,SP0098,2026-01-14,25,6,19,mo_ban
LKD001522,SP0098,2026-01-17,25,22,3,mo_ban
LKD001523,SP0098,2026-01-20,25,18,7,mo_ban
LKD001524,SP0098,2026-01-23,25,1,24,mo_ban
LKD001525,SP0098,2026-01-26,25,23,2,mo_ban
LKD001526,SP0098,2026-01-29,25,20,5,mo_ban
LKD001527,SP0098,2026-02-01,25,22,3,mo_ban
LKD001528,SP0098,2026-02-04,25,24,1,mo_ban
LKD001529,SP0098,2026-02-07,25,20,5,mo_ban
LKD001530,SP0098,2026-02-10,25,24,1,mo_ban
LKD001531,SP0098,2026-02-13,25,24,1,mo_ban
LKD001532,SP0098,2026-02-16,25,9,16,mo_ban
LKD001533,SP0098,2026-02-19,25,12,13,mo_ban
LKD001534,SP0098,2026-02-22,25,5,20,mo_ban
LKD001535,SP0098,2026-02-25,25,25,0,het_cho
LKD001536,SP0098,2026-02-28,25,25,0,het_cho
LKD001537,SP0098,2026-03-03,25,2,23,mo_ban
LKD001538,SP0099,2026-01-05,45,3,42,mo_ban
LKD001539,SP0099,2026-01-09,45,17,28,mo_ban
LKD001540,SP0099,2026-01-13,45,3,42,mo_ban
LKD001541,SP0099,2026-01-17,45,22,23,mo_ban
LKD001542,SP0099,2026-01-21,45,14,31,mo_ban
LKD001543,SP0099,2026-01-25,45,33,12,mo_ban
LKD001544,SP0099,2026-01-29,45,21,24,mo_ban
LKD001545,SP0099,2026-02-02,45,7,38,mo_ban
LKD001546,SP0099,2026-02-06,45,13,32,mo_ban
LKD001547,SP0099,2026-02-10,45,26,19,mo_ban
LKD001548,SP0099,2026-02-14,45,18,27,mo_ban
LKD001549,SP0099,2026-02-18,45,22,23,mo_ban
LKD001550,SP0099,2026-02-22,45,14,31,mo_ban
LKD001551,SP0099,2026-02-26,45,19,26,mo_ban
LKD001552,SP0099,2026-03-02,45,16,29,mo_ban
LKD001553,SP0100,2026-01-05,10,6,4,mo_ban
LKD001554,SP0100,2026-01-08,10,5,5,mo_ban
LKD001555,SP0100,2026-01-11,10,5,5,mo_ban
LKD001556,SP0100,2026-01-14,10,10,0,het_cho
LKD001557,SP0100,2026-01-17,10,9,1,mo_ban
LKD001558,SP0100,2026-01-20,10,8,2,mo_ban
LKD001559,SP0100,2026-01-23,10,4,6,mo_ban
LKD001560,SP0100,2026-01-26,10,5,5,mo_ban
LKD001561,SP0100,2026-01-29,10,5,5,mo_ban
LKD001562,SP0100,2026-02-01,10,3,7,mo_ban
LKD001563,SP0100,2026-02-04,10,9,1,mo_ban
LKD001564,SP0100,2026-02-07,10,4,6,mo_ban
LKD001565,SP0100,2026-02-10,10,2,8,mo_ban
LKD001566,SP0100,2026-02-13,10,6,4,mo_ban
LKD001567,SP0100,2026-02-16,10,6,4,mo_ban
LKD001568,SP0100,2026-02-19,10,10,0,het_cho
LKD001569,SP0100,2026-02-22,10,6,4,mo_ban
LKD001570,SP0100,2026-02-25,10,6,4,mo_ban
LKD001571,SP0100,2026-02-28,10,3,7,mo_ban
LKD001572,SP0100,2026-03-03,10,8,2,mo_ban
LKD001573,SP0101,2026-01-05,8,7,1,mo_ban
LKD001574,SP0101,2026-01-08,8,4,4,mo_ban
LKD001575,SP0101,2026-01-11,8,0,8,mo_ban
LKD001576,SP0101,2026-01-14,8,2,6,mo_ban
LKD001577,SP0101,2026-01-17,8,7,1,mo_ban
LKD001578,SP0101,2026-01-20,8,8,0,het_cho
LKD001579,SP0101,2026-01-23,8,8,0,het_cho
LKD001580,SP0101,2026-01-26,8,2,6,mo_ban
LKD001581,SP0101,2026-01-29,8,3,5,mo_ban
LKD001582,SP0101,2026-02-01,8,5,3,mo_ban
LKD001583,SP0101,2026-02-04,8,7,1,mo_ban
LKD001584,SP0101,2026-02-07,8,5,3,mo_ban
LKD001585,SP0101,2026-02-10,8,6,2,mo_ban
LKD001586,SP0101,2026-02-13,8,6,2,mo_ban
LKD001587,SP0101,2026-02-16,8,6,2,mo_ban
LKD001588,SP0101,2026-02-19,8,7,1,mo_ban
LKD001589,SP0101,2026-02-22,8,4,4,mo_ban
LKD001590,SP0101,2026-02-25,8,2,6,mo_ban
LKD001591,SP0101,2026-02-28,8,6,2,mo_ban
LKD001592,SP0101,2026-03-03,8,1,7,mo_ban
LKD001593,SP0102,2026-01-05,30,29,1,mo_ban
LKD001594,SP0102,2026-01-10,30,9,21,mo_ban
LKD001595,SP0102,2026-01-15,30,10,20,mo_ban
LKD001596,SP0102,2026-01-20,30,11,19,mo_ban
LKD001597,SP0102,2026-01-25,30,18,12,mo_ban
LKD001598,SP0102,2026-01-30,30,27,3,mo_ban
LKD001599,SP0102,2026-02-04,30,29,1,mo_ban
LKD001600,SP0102,2026-02-09,30,10,20,mo_ban
LKD001601,SP0102,2026-02-14,30,1,29,mo_ban
LKD001602,SP0102,2026-02-19,30,15,15,mo_ban
LKD001603,SP0102,2026-02-24,30,13,17,mo_ban
LKD001604,SP0102,2026-03-01,30,5,25,mo_ban
LKD001605,SP0103,2026-01-05,6,2,4,mo_ban
LKD001606,SP0103,2026-01-09,6,3,3,mo_ban
LKD001607,SP0103,2026-01-13,6,6,0,het_cho
LKD001608,SP0103,2026-01-17,6,1,5,mo_ban
LKD001609,SP0103,2026-01-21,6,1,5,mo_ban
LKD001610,SP0103,2026-01-25,6,6,0,het_cho
LKD001611,SP0103,2026-01-29,6,5,1,mo_ban
LKD001612,SP0103,2026-02-02,6,6,0,het_cho
LKD001613,SP0103,2026-02-06,6,2,4,mo_ban
LKD001614,SP0103,2026-02-10,6,0,6,mo_ban
LKD001615,SP0103,2026-02-14,6,5,1,mo_ban
LKD001616,SP0103,2026-02-18,6,0,6,mo_ban
LKD001617,SP0103,2026-02-22,6,6,0,het_cho
LKD001618,SP0103,2026-02-26,6,1,5,mo_ban
LKD001619,SP0103,2026-03-02,6,6,0,het_cho
LKD001620,SP0104,2026-01-05,29,25,4,mo_ban
LKD001621,SP0104,2026-01-09,29,27,2,mo_ban
LKD001622,SP0104,2026-01-13,29,21,8,mo_ban
LKD001623,SP0104,2026-01-17,29,1,28,mo_ban
LKD001624,SP0104,2026-01-21,29,1,28,mo_ban
LKD001625,SP0104,2026-01-25,29,18,11,mo_ban
LKD001626,SP0104,2026-01-29,29,28,1,mo_ban
LKD001627,SP0104,2026-02-02,29,28,1,mo_ban
LKD001628,SP0104,2026-02-06,29,1,28,mo_ban
LKD001629,SP0104,2026-02-10,29,1,28,mo_ban
LKD001630,SP0104,2026-02-14,29,19,10,mo_ban
LKD001631,SP0104,2026-02-18,29,0,29,mo_ban
LKD001632,SP0104,2026-02-22,29,14,15,mo_ban
LKD001633,SP0104,2026-02-26,29,11,18,mo_ban
LKD001634,SP0104,2026-03-02,29,13,16,mo_ban
LKD001635,SP0105,2026-01-05,400,337,63,mo_ban
LKD001636,SP0105,2026-01-10,400,59,341,mo_ban
LKD001637,SP0105,2026-01-15,400,201,199,mo_ban
LKD001638,SP0105,2026-01-20,400,379,21,mo_ban
LKD001639,SP0105,2026-01-25,400,382,18,mo_ban
LKD001640,SP0105,2026-01-30,400,167,233,mo_ban
LKD001641,SP0105,2026-02-04,400,214,186,mo_ban
LKD001642,SP0105,2026-02-09,400,266,134,mo_ban
LKD001643,SP0105,2026-02-14,400,345,55,mo_ban
LKD001644,SP0105,2026-02-19,400,223,177,mo_ban
LKD001645,SP0105,2026-02-24,400,364,36,mo_ban
LKD001646,SP0105,2026-03-01,400,327,73,mo_ban
LKD001647,SP0106,2026-01-05,2,0,2,mo_ban
LKD001648,SP0106,2026-01-09,2,2,0,het_cho
LKD001649,SP0106,2026-01-13,2,2,0,het_cho
LKD001650,SP0106,2026-01-17,2,2,0,het_cho
LKD001651,SP0106,2026-01-21,2,0,2,mo_ban
LKD001652,SP0106,2026-01-25,2,1,1,mo_ban
LKD001653,SP0106,2026-01-29,2,2,0,het_cho
LKD001654,SP0106,2026-02-02,2,1,1,mo_ban
LKD001655,SP0106,2026-02-06,2,0,2,mo_ban
LKD001656,SP0106,2026-02-10,2,2,0,het_cho
LKD001657,SP0106,2026-02-14,2,0,2,mo_ban
LKD001658,SP0106,2026-02-18,2,2,0,het_cho
LKD001659,SP0106,2026-02-22,2,1,1,mo_ban
LKD001660,SP0106,2026-02-26,2,0,2,mo_ban
LKD001661,SP0106,2026-03-02,2,1,1,mo_ban
LKD001662,SP0107,2026-01-05,100,29,71,mo_ban
LKD001663,SP0107,2026-01-10,100,7,93,mo_ban
LKD001664,SP0107,2026-01-15,100,76,24,mo_ban
LKD001665,SP0107,2026-01-20,100,40,60,mo_ban
LKD001666,SP0107,2026-01-25,100,60,40,mo_ban
LKD001667,SP0107,2026-01-30,100,37,63,mo_ban
LKD001668,SP0107,2026-02-04,100,92,8,mo_ban
LKD001669,SP0107,2026-02-09,100,13,87,mo_ban
LKD001670,SP0107,2026-02-14,100,59,41,mo_ban
LKD001671,SP0107,2026-02-19,100,1,99,mo_ban
LKD001672,SP0107,2026-02-24,100,28,72,mo_ban
LKD001673,SP0107,2026-03-01,100,20,80,mo_ban
LKD001674,SP0108,2026-01-05,29,21,8,mo_ban
LKD001675,SP0108,2026-01-08,29,14,15,mo_ban
LKD001676,SP0108,2026-01-11,29,1,28,mo_ban
LKD001677,SP0108,2026-01-14,29,7,22,mo_ban
LKD001678,SP0108,2026-01-17,29,11,18,mo_ban
LKD001679,SP0108,2026-01-20,29,18,11,mo_ban
LKD001680,SP0108,2026-01-23,29,29,0,het_cho
LKD001681,SP0108,2026-01-26,29,7,22,mo_ban
LKD001682,SP0108,2026-01-29,29,29,0,het_cho
LKD001683,SP0108,2026-02-01,29,13,16,mo_ban
LKD001684,SP0108,2026-02-04,29,3,26,mo_ban
LKD001685,SP0108,2026-02-07,29,19,10,mo_ban
LKD001686,SP0108,2026-02-10,29,15,14,mo_ban
LKD001687,SP0108,2026-02-13,29,16,13,mo_ban
LKD001688,SP0108,2026-02-16,29,27,2,mo_ban
LKD001689,SP0108,2026-02-19,29,1,28,mo_ban
LKD001690,SP0108,2026-02-22,29,29,0,het_cho
LKD001691,SP0108,2026-02-25,29,14,15,mo_ban
LKD001692,SP0108,2026-02-28,29,19,10,mo_ban
LKD001693,SP0108,2026-03-03,29,1,28,mo_ban
LKD001694,SP0109,2026-01-05,2,2,0,het_cho
LKD001695,SP0109,2026-01-08,2,0,2,mo_ban
LKD001696,SP0109,2026-01-11,2,1,1,mo_ban
LKD001697,SP0109,2026-01-14,2,1,1,mo_ban
LKD001698,SP0109,2026-01-17,2,1,1,mo_ban
LKD001699,SP0109,2026-01-20,2,2,0,het_cho
LKD001700,SP0109,2026-01-23,2,2,0,het_cho
LKD001701,SP0109,2026-01-26,2,2,0,het_cho
LKD001702,SP0109,2026-01-29,2,2,0,het_cho
LKD001703,SP0109,2026-02-01,2,2,0,het_cho
LKD001704,SP0109,2026-02-04,2,0,2,mo_ban
LKD001705,SP0109,2026-02-07,2,1,1,mo_ban
LKD001706,SP0109,2026-02-10,2,0,2,mo_ban
LKD001707,SP0109,2026-02-13,2,0,2,mo_ban
LKD001708,SP0109,2026-02-16,2,0,2,mo_ban
LKD001709,SP0109,2026-02-19,2,2,0,het_cho
LKD001710,SP0109,2026-02-22,2,2,0,het_cho
LKD001711,SP0109,2026-02-25,2,2,0,het_cho
LKD001712,SP0109,2026-02-28,2,1,1,mo_ban
LKD001713,SP0109,2026-03-03,2,0,2,mo_ban
LKD001714,SP0110,2026-01-05,400,306,94,mo_ban
LKD001715,SP0110,2026-01-08,400,372,28,mo_ban
LKD001716,SP0110,2026-01-11,400,371,29,mo_ban
LKD001717,SP0110,2026-01-14,400,120,280,mo_ban
LKD001718,SP0110,2026-01-17,400,325,75,mo_ban
LKD001719,SP0110,2026-01-20,400,289,111,mo_ban
LKD001720,SP0110,2026-01-23,400,205,195,mo_ban
LKD001721,SP0110,2026-01-26,400,173,227,mo_ban
LKD001722,SP0110,2026-01-29,400,15,385,mo_ban
LKD001723,SP0110,2026-02-01,400,74,326,mo_ban
LKD001724,SP0110,2026-02-04,400,148,252,mo_ban
LKD001725,SP0110,2026-02-07,400,341,59,mo_ban
LKD001726,SP0110,2026-02-10,400,386,14,mo_ban
LKD001727,SP0110,2026-02-13,400,165,235,mo_ban
LKD001728,SP0110,2026-02-16,400,102,298,mo_ban
LKD001729,SP0110,2026-02-19,400,32,368,mo_ban
LKD001730,SP0110,2026-02-22,400,138,262,mo_ban
LKD001731,SP0110,2026-02-25,400,47,353,mo_ban
LKD001732,SP0110,2026-02-28,400,83,317,mo_ban
LKD001733,SP0110,2026-03-03,400,38,362,mo_ban
LKD001734,SP0111,2026-01-05,8,1,7,mo_ban
LKD001735,SP0111,2026-01-09,8,2,6,mo_ban
LKD001736,SP0111,2026-01-13,8,5,3,mo_ban
LKD001737,SP0111,2026-01-17,8,0,8,mo_ban
LKD001738,SP0111,2026-01-21,8,5,3,mo_ban
LKD001739,SP0111,2026-01-25,8,7,1,mo_ban
LKD001740,SP0111,2026-01-29,8,5,3,mo_ban
LKD001741,SP0111,2026-02-02,8,1,7,mo_ban
LKD001742,SP0111,2026-02-06,8,1,7,mo_ban
LKD001743,SP0111,2026-02-10,8,8,0,het_cho
LKD001744,SP0111,2026-02-14,8,8,0,het_cho
LKD001745,SP0111,2026-02-18,8,2,6,mo_ban
LKD001746,SP0111,2026-02-22,8,5,3,mo_ban
LKD001747,SP0111,2026-02-26,8,6,2,mo_ban
LKD001748,SP0111,2026-03-02,8,6,2,mo_ban
LKD001749,SP0112,2026-01-05,16,9,7,mo_ban
LKD001750,SP0112,2026-01-10,16,6,10,mo_ban
LKD001751,SP0112,2026-01-15,16,2,14,mo_ban
LKD001752,SP0112,2026-01-20,16,7,9,mo_ban
LKD001753,SP0112,2026-01-25,16,14,2,mo_ban
LKD001754,SP0112,2026-01-30,16,1,15,mo_ban
LKD001755,SP0112,2026-02-04,16,13,3,mo_ban
LKD001756,SP0112,2026-02-09,16,15,1,mo_ban
LKD001757,SP0112,2026-02-14,16,6,10,mo_ban
LKD001758,SP0112,2026-02-19,16,10,6,mo_ban
LKD001759,SP0112,2026-02-24,16,10,6,mo_ban
LKD001760,SP0112,2026-03-01,16,7,9,mo_ban
LKD001761,SP0113,2026-01-05,29,13,16,mo_ban
LKD001762,SP0113,2026-01-10,29,29,0,het_cho
LKD001763,SP0113,2026-01-15,29,13,16,mo_ban
LKD001764,SP0113,2026-01-20,29,17,12,mo_ban
LKD001765,SP0113,2026-01-25,29,29,0,het_cho
LKD001766,SP0113,2026-01-30,29,10,19,mo_ban
LKD001767,SP0113,2026-02-04,29,6,23,mo_ban
LKD001768,SP0113,2026-02-09,29,7,22,mo_ban
LKD001769,SP0113,2026-02-14,29,9,20,mo_ban
LKD001770,SP0113,2026-02-19,29,7,22,mo_ban
LKD001771,SP0113,2026-02-24,29,1,28,mo_ban
LKD001772,SP0113,2026-03-01,29,11,18,mo_ban
LKD001773,SP0114,2026-01-05,45,33,12,mo_ban
LKD001774,SP0114,2026-01-08,45,33,12,mo_ban
LKD001775,SP0114,2026-01-11,45,17,28,mo_ban
LKD001776,SP0114,2026-01-14,45,37,8,mo_ban
LKD001777,SP0114,2026-01-17,45,42,3,mo_ban
LKD001778,SP0114,2026-01-20,45,36,9,mo_ban
LKD001779,SP0114,2026-01-23,45,39,6,mo_ban
LKD001780,SP0114,2026-01-26,45,36,9,mo_ban
LKD001781,SP0114,2026-01-29,45,30,15,mo_ban
LKD001782,SP0114,2026-02-01,45,23,22,mo_ban
LKD001783,SP0114,2026-02-04,45,18,27,mo_ban
LKD001784,SP0114,2026-02-07,45,10,35,mo_ban
LKD001785,SP0114,2026-02-10,45,19,26,mo_ban
LKD001786,SP0114,2026-02-13,45,16,29,mo_ban
LKD001787,SP0114,2026-02-16,45,32,13,mo_ban
LKD001788,SP0114,2026-02-19,45,21,24,mo_ban
LKD001789,SP0114,2026-02-22,45,31,14,mo_ban
LKD001790,SP0114,2026-02-25,45,38,7,mo_ban
LKD001791,SP0114,2026-02-28,45,36,9,mo_ban
LKD001792,SP0114,2026-03-03,45,3,42,mo_ban
LKD001793,SP0115,2026-01-05,45,44,1,mo_ban
LKD001794,SP0115,2026-01-10,45,45,0,het_cho
LKD001795,SP0115,2026-01-15,45,16,29,mo_ban
LKD001796,SP0115,2026-01-20,45,31,14,mo_ban
LKD001797,SP0115,2026-01-25,45,6,39,mo_ban
LKD001798,SP0115,2026-01-30,45,21,24,mo_ban
LKD001799,SP0115,2026-02-04,45,2,43,mo_ban
LKD001800,SP0115,2026-02-09,45,40,5,mo_ban
LKD001801,SP0115,2026-02-14,45,20,25,mo_ban
LKD001802,SP0115,2026-02-19,45,1,44,mo_ban
LKD001803,SP0115,2026-02-24,45,45,0,het_cho
LKD001804,SP0115,2026-03-01,45,26,19,mo_ban
LKD001805,SP0116,2026-01-05,6,4,2,mo_ban
LKD001806,SP0116,2026-01-08,6,1,5,mo_ban
LKD001807,SP0116,2026-01-11,6,0,6,mo_ban
LKD001808,SP0116,2026-01-14,6,5,1,mo_ban
LKD001809,SP0116,2026-01-17,6,2,4,mo_ban
LKD001810,SP0116,2026-01-20,6,3,3,mo_ban
LKD001811,SP0116,2026-01-23,6,1,5,mo_ban
LKD001812,SP0116,2026-01-26,6,5,1,mo_ban
LKD001813,SP0116,2026-01-29,6,6,0,het_cho
LKD001814,SP0116,2026-02-01,6,0,6,mo_ban
LKD001815,SP0116,2026-02-04,6,4,2,mo_ban
LKD001816,SP0116,2026-02-07,6,5,1,mo_ban
LKD001817,SP0116,2026-02-10,6,5,1,mo_ban
LKD001818,SP0116,2026-02-13,6,2,4,mo_ban
LKD001819,SP0116,2026-02-16,6,6,0,het_cho
LKD001820,SP0116,2026-02-19,6,3,3,mo_ban
LKD001821,SP0116,2026-02-22,6,6,0,het_cho
LKD001822,SP0116,2026-02-25,6,0,6,mo_ban
LKD001823,SP0116,2026-02-28,6,6,0,het_cho
LKD001824,SP0116,2026-03-03,6,1,5,mo_ban
LKD001825,SP0117,2026-01-05,29,3,26,mo_ban
LKD001826,SP0117,2026-01-08,29,10,19,mo_ban
LKD001827,SP0117,2026-01-11,29,10,19,mo_ban
LKD001828,SP0117,2026-01-14,29,0,29,mo_ban
LKD001829,SP0117,2026-01-17,29,26,3,mo_ban
LKD001830,SP0117,2026-01-20,29,21,8,mo_ban
LKD001831,SP0117,2026-01-23,29,6,23,mo_ban
LKD001832,SP0117,2026-01-26,29,7,22,mo_ban
LKD001833,SP0117,2026-01-29,29,13,16,mo_ban
LKD001834,SP0117,2026-02-01,29,19,10,mo_ban
LKD001835,SP0117,2026-02-04,29,18,11,mo_ban
LKD001836,SP0117,2026-02-07,29,16,13,mo_ban
LKD001837,SP0117,2026-02-10,29,16,13,mo_ban
LKD001838,SP0117,2026-02-13,29,8,21,mo_ban
LKD001839,SP0117,2026-02-16,29,26,3,mo_ban
LKD001840,SP0117,2026-02-19,29,8,21,mo_ban
LKD001841,SP0117,2026-02-22,29,17,12,mo_ban
LKD001842,SP0117,2026-02-25,29,28,1,mo_ban
LKD001843,SP0117,2026-02-28,29,25,4,mo_ban
LKD001844,SP0117,2026-03-03,29,7,22,mo_ban
LKD001845,SP0118,2026-01-05,8,0,8,mo_ban
LKD001846,SP0118,2026-01-10,8,8,0,het_cho
LKD001847,SP0118,2026-01-15,8,8,0,het_cho
LKD001848,SP0118,2026-01-20,8,6,2,mo_ban
LKD001849,SP0118,2026-01-25,8,5,3,mo_ban
LKD001850,SP0118,2026-01-30,8,3,5,mo_ban
LKD001851,SP0118,2026-02-04,8,6,2,mo_ban
LKD001852,SP0118,2026-02-09,8,1,7,mo_ban
LKD001853,SP0118,2026-02-14,8,3,5,mo_ban
LKD001854,SP0118,2026-02-19,8,6,2,mo_ban
LKD001855,SP0118,2026-02-24,8,8,0,het_cho
LKD001856,SP0118,2026-03-01,8,7,1,mo_ban
LKD001857,SP0120,2026-01-05,100,7,93,mo_ban
LKD001858,SP0120,2026-01-10,100,29,71,mo_ban
LKD001859,SP0120,2026-01-15,100,11,89,mo_ban
LKD001860,SP0120,2026-01-20,100,62,38,mo_ban
LKD001861,SP0120,2026-01-25,100,24,76,mo_ban
LKD001862,SP0120,2026-01-30,100,48,52,mo_ban
LKD001863,SP0120,2026-02-04,100,29,71,mo_ban
LKD001864,SP0120,2026-02-09,100,17,83,mo_ban
LKD001865,SP0120,2026-02-14,100,27,73,mo_ban
LKD001866,SP0120,2026-02-19,100,78,22,mo_ban
LKD001867,SP0120,2026-02-24,100,81,19,mo_ban
LKD001868,SP0120,2026-03-01,100,63,37,mo_ban
LKD001869,SP0121,2026-01-05,16,5,11,mo_ban
LKD001870,SP0121,2026-01-09,16,7,9,mo_ban
LKD001871,SP0121,2026-01-13,16,1,15,mo_ban
LKD001872,SP0121,2026-01-17,16,14,2,mo_ban
LKD001873,SP0121,2026-01-21,16,12,4,mo_ban
LKD001874,SP0121,2026-01-25,16,7,9,mo_ban
LKD001875,SP0121,2026-01-29,16,15,1,mo_ban
LKD001876,SP0121,2026-02-02,16,11,5,mo_ban
LKD001877,SP0121,2026-02-06,16,16,0,het_cho
LKD001878,SP0121,2026-02-10,16,0,16,mo_ban
LKD001879,SP0121,2026-02-14,16,2,14,mo_ban
LKD001880,SP0121,2026-02-18,16,10,6,mo_ban
LKD001881,SP0121,2026-02-22,16,13,3,mo_ban
LKD001882,SP0121,2026-02-26,16,7,9,mo_ban
LKD001883,SP0121,2026-03-02,16,7,9,mo_ban
LKD001884,SP0122,2026-01-05,10,4,6,mo_ban
LKD001885,SP0122,2026-01-09,10,3,7,mo_ban
LKD001886,SP0122,2026-01-13,10,8,2,mo_ban
LKD001887,SP0122,2026-01-17,10,6,4,mo_ban
LKD001888,SP0122,2026-01-21,10,10,0,het_cho
LKD001889,SP0122,2026-01-25,10,10,0,het_cho
LKD001890,SP0122,2026-01-29,10,2,8,mo_ban
LKD001891,SP0122,2026-02-02,10,10,0,het_cho
LKD001892,SP0122,2026-02-06,10,0,10,mo_ban
LKD001893,SP0122,2026-02-10,10,2,8,mo_ban
LKD001894,SP0122,2026-02-14,10,10,0,het_cho
LKD001895,SP0122,2026-02-18,10,9,1,mo_ban
LKD001896,SP0122,2026-02-22,10,5,5,mo_ban
LKD001897,SP0122,2026-02-26,10,6,4,mo_ban
LKD001898,SP0122,2026-03-02,10,7,3,mo_ban
LKD001899,SP0123,2026-01-05,12,3,9,mo_ban
LKD001900,SP0123,2026-01-10,12,1,11,mo_ban
LKD001901,SP0123,2026-01-15,12,3,9,mo_ban
LKD001902,SP0123,2026-01-20,12,2,10,mo_ban
LKD001903,SP0123,2026-01-25,12,1,11,mo_ban
LKD001904,SP0123,2026-01-30,12,6,6,mo_ban
LKD001905,SP0123,2026-02-04,12,9,3,mo_ban
LKD001906,SP0123,2026-02-09,12,5,7,mo_ban
LKD001907,SP0123,2026-02-14,12,10,2,mo_ban
LKD001908,SP0123,2026-02-19,12,4,8,mo_ban
LKD001909,SP0123,2026-02-24,12,11,1,mo_ban
LKD001910,SP0123,2026-03-01,12,7,5,mo_ban
LKD001911,SP0124,2026-01-05,400,72,328,mo_ban
LKD001912,SP0124,2026-01-10,400,212,188,mo_ban
LKD001913,SP0124,2026-01-15,400,333,67,mo_ban
LKD001914,SP0124,2026-01-20,400,221,179,mo_ban
LKD001915,SP0124,2026-01-25,400,64,336,mo_ban
LKD001916,SP0124,2026-01-30,400,370,30,mo_ban
LKD001917,SP0124,2026-02-04,400,326,74,mo_ban
LKD001918,SP0124,2026-02-09,400,293,107,mo_ban
LKD001919,SP0124,2026-02-14,400,10,390,mo_ban
LKD001920,SP0124,2026-02-19,400,188,212,mo_ban
LKD001921,SP0124,2026-02-24,400,357,43,mo_ban
LKD001922,SP0124,2026-03-01,400,291,109,mo_ban
LKD001923,SP0125,2026-01-05,15,4,11,mo_ban
LKD001924,SP0125,2026-01-08,15,1,14,mo_ban
LKD001925,SP0125,2026-01-11,15,1,14,mo_ban
LKD001926,SP0125,2026-01-14,15,13,2,mo_ban
LKD001927,SP0125,2026-01-17,15,2,13,mo_ban
LKD001928,SP0125,2026-01-20,15,7,8,mo_ban
LKD001929,SP0125,2026-01-23,15,1,14,mo_ban
LKD001930,SP0125,2026-01-26,15,15,0,het_cho
LKD001931,SP0125,2026-01-29,15,1,14,mo_ban
LKD001932,SP0125,2026-02-01,15,10,5,mo_ban
LKD001933,SP0125,2026-02-04,15,4,11,mo_ban
LKD001934,SP0125,2026-02-07,15,2,13,mo_ban
LKD001935,SP0125,2026-02-10,15,7,8,mo_ban
LKD001936,SP0125,2026-02-13,15,6,9,mo_ban
LKD001937,SP0125,2026-02-16,15,5,10,mo_ban
LKD001938,SP0125,2026-02-19,15,7,8,mo_ban
LKD001939,SP0125,2026-02-22,15,13,2,mo_ban
LKD001940,SP0125,2026-02-25,15,4,11,mo_ban
LKD001941,SP0125,2026-02-28,15,15,0,het_cho
LKD001942,SP0125,2026-03-03,15,10,5,mo_ban
LKD001943,SP0126,2026-01-05,25,10,15,mo_ban
LKD001944,SP0126,2026-01-10,25,6,19,mo_ban
LKD001945,SP0126,2026-01-15,25,22,3,mo_ban
LKD001946,SP0126,2026-01-20,25,8,17,mo_ban
LKD001947,SP0126,2026-01-25,25,12,13,mo_ban
LKD001948,SP0126,2026-01-30,25,24,1,mo_ban
LKD001949,SP0126,2026-02-04,25,13,12,mo_ban
LKD001950,SP0126,2026-02-09,25,24,1,mo_ban
LKD001951,SP0126,2026-02-14,25,19,6,mo_ban
LKD001952,SP0126,2026-02-19,25,15,10,mo_ban
LKD001953,SP0126,2026-02-24,25,25,0,het_cho
LKD001954,SP0126,2026-03-01,25,0,25,mo_ban
LKD001955,SP0127,2026-01-05,200,7,193,mo_ban
LKD001956,SP0127,2026-01-10,200,62,138,mo_ban
LKD001957,SP0127,2026-01-15,200,170,30,mo_ban
LKD001958,SP0127,2026-01-20,200,184,16,mo_ban
LKD001959,SP0127,2026-01-25,200,21,179,mo_ban
LKD001960,SP0127,2026-01-30,200,108,92,mo_ban
LKD001961,SP0127,2026-02-04,200,65,135,mo_ban
LKD001962,SP0127,2026-02-09,200,192,8,mo_ban
LKD001963,SP0127,2026-02-14,200,24,176,mo_ban
LKD001964,SP0127,2026-02-19,200,184,16,mo_ban
LKD001965,SP0127,2026-02-24,200,193,7,mo_ban
LKD001966,SP0127,2026-03-01,200,10,190,mo_ban
LKD001967,SP0128,2026-01-05,8,1,7,mo_ban
LKD001968,SP0128,2026-01-08,8,7,1,mo_ban
LKD001969,SP0128,2026-01-11,8,7,1,mo_ban
LKD001970,SP0128,2026-01-14,8,1,7,mo_ban
LKD001971,SP0128,2026-01-17,8,8,0,het_cho
LKD001972,SP0128,2026-01-20,8,1,7,mo_ban
LKD001973,SP0128,2026-01-23,8,1,7,mo_ban
LKD001974,SP0128,2026-01-26,8,7,1,mo_ban
LKD001975,SP0128,2026-01-29,8,6,2,mo_ban
LKD001976,SP0128,2026-02-01,8,8,0,het_cho
LKD001977,SP0128,2026-02-04,8,4,4,mo_ban
LKD001978,SP0128,2026-02-07,8,6,2,mo_ban
LKD001979,SP0128,2026-02-10,8,3,5,mo_ban
LKD001980,SP0128,2026-02-13,8,7,1,mo_ban
LKD001981,SP0128,2026-02-16,8,4,4,mo_ban
LKD001982,SP0128,2026-02-19,8,1,7,mo_ban
LKD001983,SP0128,2026-02-22,8,6,2,mo_ban
LKD001984,SP0128,2026-02-25,8,1,7,mo_ban
LKD001985,SP0128,2026-02-28,8,6,2,mo_ban
LKD001986,SP0128,2026-03-03,8,4,4,mo_ban
LKD001987,SP0129,2026-01-05,100,53,47,mo_ban
LKD001988,SP0129,2026-01-09,100,46,54,mo_ban
LKD001989,SP0129,2026-01-13,100,55,45,mo_ban
LKD001990,SP0129,2026-01-17,100,32,68,mo_ban
LKD001991,SP0129,2026-01-21,100,2,98,mo_ban
LKD001992,SP0129,2026-01-25,100,37,63,mo_ban
LKD001993,SP0129,2026-01-29,100,74,26,mo_ban
LKD001994,SP0129,2026-02-02,100,86,14,mo_ban
LKD001995,SP0129,2026-02-06,100,68,32,mo_ban
LKD001996,SP0129,2026-02-10,100,15,85,mo_ban
LKD001997,SP0129,2026-02-14,100,62,38,mo_ban
LKD001998,SP0129,2026-02-18,100,13,87,mo_ban
LKD001999,SP0129,2026-02-22,100,40,60,mo_ban
LKD002000,SP0129,2026-02-26,100,33,67,mo_ban
LKD002001,SP0129,2026-03-02,100,86,14,mo_ban
LKD002002,SP0130,2026-01-05,30,6,24,mo_ban
LKD002003,SP0130,2026-01-09,30,14,16,mo_ban
LKD002004,SP0130,2026-01-13,30,24,6,mo_ban
LKD002005,SP0130,2026-01-17,30,10,20,mo_ban
LKD002006,SP0130,2026-01-21,30,25,5,mo_ban
LKD002007,SP0130,2026-01-25,30,2,28,mo_ban
LKD002008,SP0130,2026-01-29,30,23,7,mo_ban
LKD002009,SP0130,2026-02-02,30,25,5,mo_ban
LKD002010,SP0130,2026-02-06,30,27,3,mo_ban
LKD002011,SP0130,2026-02-10,30,1,29,mo_ban
LKD002012,SP0130,2026-02-14,30,1,29,mo_ban
LKD002013,SP0130,2026-02-18,30,29,1,mo_ban
LKD002014,SP0130,2026-02-22,30,20,10,mo_ban
LKD002015,SP0130,2026-02-26,30,26,4,mo_ban
LKD002016,SP0130,2026-03-02,30,18,12,mo_ban
LKD002017,SP0131,2026-01-05,10,7,3,mo_ban
LKD002018,SP0131,2026-01-10,10,6,4,mo_ban
LKD002019,SP0131,2026-01-15,10,4,6,mo_ban
LKD002020,SP0131,2026-01-20,10,0,10,mo_ban
LKD002021,SP0131,2026-01-25,10,3,7,mo_ban
LKD002022,SP0131,2026-01-30,10,3,7,mo_ban
LKD002023,SP0131,2026-02-04,10,7,3,mo_ban
LKD002024,SP0131,2026-02-09,10,4,6,mo_ban
LKD002025,SP0131,2026-02-14,10,9,1,mo_ban
LKD002026,SP0131,2026-02-19,10,1,9,mo_ban
LKD002027,SP0131,2026-02-24,10,8,2,mo_ban
LKD002028,SP0131,2026-03-01,10,6,4,mo_ban
LKD002029,SP0132,2026-01-05,29,10,19,mo_ban
LKD002030,SP0132,2026-01-10,29,16,13,mo_ban
LKD002031,SP0132,2026-01-15,29,25,4,mo_ban
LKD002032,SP0132,2026-01-20,29,15,14,mo_ban
LKD002033,SP0132,2026-01-25,29,0,29,mo_ban
LKD002034,SP0132,2026-01-30,29,19,10,mo_ban
LKD002035,SP0132,2026-02-04,29,26,3,mo_ban
LKD002036,SP0132,2026-02-09,29,3,26,mo_ban
LKD002037,SP0132,2026-02-14,29,7,22,mo_ban
LKD002038,SP0132,2026-02-19,29,8,21,mo_ban
LKD002039,SP0132,2026-02-24,29,3,26,mo_ban
LKD002040,SP0132,2026-03-01,29,14,15,mo_ban
LKD002041,SP0133,2026-01-05,45,22,23,mo_ban
LKD002042,SP0133,2026-01-09,45,10,35,mo_ban
LKD002043,SP0133,2026-01-13,45,31,14,mo_ban
LKD002044,SP0133,2026-01-17,45,15,30,mo_ban
LKD002045,SP0133,2026-01-21,45,21,24,mo_ban
LKD002046,SP0133,2026-01-25,45,15,30,mo_ban
LKD002047,SP0133,2026-01-29,45,26,19,mo_ban
LKD002048,SP0133,2026-02-02,45,42,3,mo_ban
LKD002049,SP0133,2026-02-06,45,19,26,mo_ban
LKD002050,SP0133,2026-02-10,45,42,3,mo_ban
LKD002051,SP0133,2026-02-14,45,38,7,mo_ban
LKD002052,SP0133,2026-02-18,45,44,1,mo_ban
LKD002053,SP0133,2026-02-22,45,8,37,mo_ban
LKD002054,SP0133,2026-02-26,45,31,14,mo_ban
LKD002055,SP0133,2026-03-02,45,24,21,mo_ban
LKD002056,SP0134,2026-01-05,29,11,18,mo_ban
LKD002057,SP0134,2026-01-08,29,19,10,mo_ban
LKD002058,SP0134,2026-01-11,29,29,0,het_cho
LKD002059,SP0134,2026-01-14,29,8,21,mo_ban
LKD002060,SP0134,2026-01-17,29,24,5,mo_ban
LKD002061,SP0134,2026-01-20,29,13,16,mo_ban
LKD002062,SP0134,2026-01-23,29,4,25,mo_ban
LKD002063,SP0134,2026-01-26,29,2,27,mo_ban
LKD002064,SP0134,2026-01-29,29,18,11,mo_ban
LKD002065,SP0134,2026-02-01,29,0,29,mo_ban
LKD002066,SP0134,2026-02-04,29,9,20,mo_ban
LKD002067,SP0134,2026-02-07,29,14,15,mo_ban
LKD002068,SP0134,2026-02-10,29,26,3,mo_ban
LKD002069,SP0134,2026-02-13,29,25,4,mo_ban
LKD002070,SP0134,2026-02-16,29,5,24,mo_ban
LKD002071,SP0134,2026-02-19,29,2,27,mo_ban
LKD002072,SP0134,2026-02-22,29,17,12,mo_ban
LKD002073,SP0134,2026-02-25,29,22,7,mo_ban
LKD002074,SP0134,2026-02-28,29,25,4,mo_ban
LKD002075,SP0134,2026-03-03,29,27,2,mo_ban
LKD002076,SP0136,2026-01-05,6,2,4,mo_ban
LKD002077,SP0136,2026-01-08,6,2,4,mo_ban
LKD002078,SP0136,2026-01-11,6,3,3,mo_ban
LKD002079,SP0136,2026-01-14,6,5,1,mo_ban
LKD002080,SP0136,2026-01-17,6,0,6,mo_ban
LKD002081,SP0136,2026-01-20,6,6,0,het_cho
LKD002082,SP0136,2026-01-23,6,0,6,mo_ban
LKD002083,SP0136,2026-01-26,6,5,1,mo_ban
LKD002084,SP0136,2026-01-29,6,6,0,het_cho
LKD002085,SP0136,2026-02-01,6,5,1,mo_ban
LKD002086,SP0136,2026-02-04,6,4,2,mo_ban
LKD002087,SP0136,2026-02-07,6,4,2,mo_ban
LKD002088,SP0136,2026-02-10,6,6,0,het_cho
LKD002089,SP0136,2026-02-13,6,1,5,mo_ban
LKD002090,SP0136,2026-02-16,6,6,0,het_cho
LKD002091,SP0136,2026-02-19,6,3,3,mo_ban
LKD002092,SP0136,2026-02-22,6,4,2,mo_ban
LKD002093,SP0136,2026-02-25,6,0,6,mo_ban
LKD002094,SP0136,2026-02-28,6,6,0,het_cho
LKD002095,SP0136,2026-03-03,6,5,1,mo_ban
LKD002096,SP0137,2026-01-05,10,5,5,mo_ban
LKD002097,SP0137,2026-01-08,10,6,4,mo_ban
LKD002098,SP0137,2026-01-11,10,1,9,mo_ban
LKD002099,SP0137,2026-01-14,10,2,8,mo_ban
LKD002100,SP0137,2026-01-17,10,6,4,mo_ban
LKD002101,SP0137,2026-01-20,10,7,3,mo_ban
LKD002102,SP0137,2026-01-23,10,5,5,mo_ban
LKD002103,SP0137,2026-01-26,10,7,3,mo_ban
LKD002104,SP0137,2026-01-29,10,8,2,mo_ban
LKD002105,SP0137,2026-02-01,10,5,5,mo_ban
LKD002106,SP0137,2026-02-04,10,3,7,mo_ban
LKD002107,SP0137,2026-02-07,10,2,8,mo_ban
LKD002108,SP0137,2026-02-10,10,6,4,mo_ban
LKD002109,SP0137,2026-02-13,10,5,5,mo_ban
LKD002110,SP0137,2026-02-16,10,6,4,mo_ban
LKD002111,SP0137,2026-02-19,10,10,0,het_cho
LKD002112,SP0137,2026-02-22,10,5,5,mo_ban
LKD002113,SP0137,2026-02-25,10,6,4,mo_ban
LKD002114,SP0137,2026-02-28,10,4,6,mo_ban
LKD002115,SP0137,2026-03-03,10,9,1,mo_ban
LKD002116,SP0138,2026-01-05,200,144,56,mo_ban
LKD002117,SP0138,2026-01-08,200,140,60,mo_ban
LKD002118,SP0138,2026-01-11,200,97,103,mo_ban
LKD002119,SP0138,2026-01-14,200,200,0,het_cho
LKD002120,SP0138,2026-01-17,200,103,97,mo_ban
LKD002121,SP0138,2026-01-20,200,184,16,mo_ban
LKD002122,SP0138,2026-01-23,200,189,11,mo_ban
LKD002123,SP0138,2026-01-26,200,34,166,mo_ban
LKD002124,SP0138,2026-01-29,200,107,93,mo_ban
LKD002125,SP0138,2026-02-01,200,45,155,mo_ban
LKD002126,SP0138,2026-02-04,200,46,154,mo_ban
LKD002127,SP0138,2026-02-07,200,87,113,mo_ban
LKD002128,SP0138,2026-02-10,200,72,128,mo_ban
LKD002129,SP0138,2026-02-13,200,145,55,mo_ban
LKD002130,SP0138,2026-02-16,200,45,155,mo_ban
LKD002131,SP0138,2026-02-19,200,31,169,mo_ban
LKD002132,SP0138,2026-02-22,200,69,131,mo_ban
LKD002133,SP0138,2026-02-25,200,106,94,mo_ban
LKD002134,SP0138,2026-02-28,200,1,199,mo_ban
LKD002135,SP0138,2026-03-03,200,12,188,mo_ban
LKD002136,SP0140,2026-01-05,25,10,15,mo_ban
LKD002137,SP0140,2026-01-09,25,0,25,mo_ban
LKD002138,SP0140,2026-01-13,25,18,7,mo_ban
LKD002139,SP0140,2026-01-17,25,8,17,mo_ban
LKD002140,SP0140,2026-01-21,25,3,22,mo_ban
LKD002141,SP0140,2026-01-25,25,23,2,mo_ban
LKD002142,SP0140,2026-01-29,25,0,25,mo_ban
LKD002143,SP0140,2026-02-02,25,25,0,het_cho
LKD002144,SP0140,2026-02-06,25,14,11,mo_ban
LKD002145,SP0140,2026-02-10,25,18,7,mo_ban
LKD002146,SP0140,2026-02-14,25,1,24,mo_ban
LKD002147,SP0140,2026-02-18,25,25,0,het_cho
LKD002148,SP0140,2026-02-22,25,15,10,mo_ban
LKD002149,SP0140,2026-02-26,25,13,12,mo_ban
LKD002150,SP0140,2026-03-02,25,5,20,mo_ban
